{"type":"FeatureCollection","features":[{"type":"Feature","properties":{"KnKod":"0114","KnNamn":"Upplands Väsby"},"geometry":{"type":"Polygon","coordinates":[[[17.92794,59.49921],[17.90552,59.49132],[17.88079,59.4929],[17.87597,59.48426],[17.83807,59.47627],[17.84332,59.49779],[17.80705,59.5062],[17.81366,59.51525],[17.82959,59.52363],[17.83223,59.53029],[17.81286,59.54619],[17.80616,59.55776],[17.81007,59.57481],[17.85465,59.57012],[17.86379,59.56318],[17.8837,59.55904],[17.92879,59.56371],[17.96465,59.56153],[17.98087,59.56406],[17.98599,59.55867],[17.97672,59.55149],[18.01658,59.52568],[18.02227,59.51781],[18.02158,59.51133],[17.9912,59.4967],[18.00259,59.48064],[17.99713,59.46632],[17.97961,59.46774],[17.96385,59.47316],[17.9662,59.48318],[17.95205,59.49192],[17.93852,59.49392],[17.92794,59.49921]]]}},{"type":"Feature","properties":{"KnKod":"0115","KnNamn":"Vallentuna"},"geometry":{"type":"Polygon","coordinates":[[[18.23152,59.50792],[18.21546,59.49926],[18.17847,59.50222],[18.16124,59.50062],[18.14342,59.49345],[18.11824,59.49666],[18.10496,59.50707],[18.08578,59.50518],[18.06063,59.50882],[18.02158,59.51133],[18.02227,59.51781],[18.01658,59.52568],[17.97672,59.55149],[17.98599,59.55867],[17.98087,59.56406],[18.01889,59.57167],[18.01103,59.5779],[18.01661,59.58718],[18.01973,59.60391],[18.01497,59.63294],[18.04371,59.63124],[18.05715,59.63393],[18.09348,59.63541],[18.10139,59.65336],[18.11529,59.66613],[18.13031,59.67079],[18.12507,59.67698],[18.14642,59.67959],[18.1641,59.67871],[18.1712,59.67147],[18.17305,59.66469],[18.18557,59.66471],[18.19654,59.66847],[18.24345,59.66425],[18.29114,59.68387],[18.2977,59.67798],[18.32665,59.68327],[18.35081,59.66483],[18.38526,59.65552],[18.38769,59.64839],[18.3782,59.62377],[18.38805,59.61813],[18.39331,59.6015],[18.41819,59.59546],[18.42981,59.58272],[18.43603,59.56707],[18.41269,59.56032],[18.38441,59.55973],[18.38418,59.55233],[18.37899,59.5471],[18.36386,59.54683],[18.35552,59.54839],[18.32945,59.53866],[18.32814,59.53298],[18.27006,59.52408],[18.26403,59.51717],[18.25126,59.50876],[18.23152,59.50792]]]}},{"type":"Feature","properties":{"KnKod":"0117","KnNamn":"Österåker"},"geometry":{"type":"MultiPolygon","coordinates":[[[[18.5774,59.54939],[18.54513,59.53785],[18.53638,59.5307],[18.51793,59.52987],[18.47656,59.50781],[18.46705,59.50505],[18.45385,59.4933],[18.43666,59.48638],[18.41674,59.48422],[18.4104,59.48036],[18.41098,59.47431],[18.39005,59.45771],[18.37611,59.45607],[18.36391,59.45808],[18.34744,59.45717],[18.34164,59.46338],[18.32857,59.46372],[18.31654,59.46135],[18.30901,59.46424],[18.29981,59.46951],[18.28537,59.46922],[18.27746,59.46304],[18.28951,59.4597],[18.30236,59.45768],[18.30754,59.4515],[18.30077,59.44395],[18.2911,59.43949],[18.26923,59.4367],[18.25271,59.44116],[18.23561,59.44025],[18.22881,59.43505],[18.23447,59.4302],[18.21891,59.41932],[18.20304,59.42395],[18.20287,59.43975],[18.1973,59.44258],[18.17303,59.43613],[18.16129,59.43642],[18.15727,59.44124],[18.15382,59.4514],[18.14218,59.44889],[18.13372,59.45896],[18.14666,59.4694],[18.14342,59.49345],[18.16124,59.50062],[18.17847,59.50222],[18.21546,59.49926],[18.23152,59.50792],[18.25126,59.50876],[18.26403,59.51717],[18.27006,59.52408],[18.32814,59.53298],[18.32945,59.53866],[18.35552,59.54839],[18.36386,59.54683],[18.37899,59.5471],[18.38418,59.55233],[18.38441,59.55973],[18.41269,59.56032],[18.43603,59.56707],[18.44751,59.5661],[18.44792,59.55835],[18.46143,59.5563],[18.47708,59.56092],[18.48786,59.57407],[18.48836,59.57809],[18.48496,59.58255],[18.49273,59.59242],[18.52259,59.58958],[18.55195,59.59314],[18.56063,59.58885],[18.57411,59.59184],[18.58526,59.59153],[18.59355,59.58424],[18.60774,59.58753],[18.61276,59.5857],[18.61929,59.58014],[18.62771,59.57922],[18.64706,59.58673],[18.66726,59.57737],[18.5774,59.54939]]],[[[18.57895,59.45621],[18.57376,59.45132],[18.57227,59.43925],[18.56068,59.43017],[18.54484,59.42893],[18.54364,59.43502],[18.54637,59.44671],[18.53942,59.45396],[18.52646,59.46038],[18.52333,59.46685],[18.52525,59.47722],[18.52248,59.48133],[18.51374,59.48493],[18.52003,59.4935],[18.53217,59.49652],[18.54446,59.49517],[18.54692,59.48839],[18.55959,59.485],[18.57037,59.49277],[18.57589,59.50034],[18.56897,59.50255],[18.55269,59.50334],[18.55248,59.50705],[18.56229,59.51215],[18.56173,59.51822],[18.56883,59.52273],[18.58478,59.52967],[18.59056,59.53926],[18.63482,59.55212],[18.64462,59.55689],[18.66105,59.56247],[18.6725,59.55944],[18.66189,59.55337],[18.66277,59.54997],[18.67658,59.55025],[18.67639,59.53848],[18.68783,59.53547],[18.68857,59.53108],[18.67264,59.52952],[18.66264,59.52308],[18.64655,59.50976],[18.63674,59.49962],[18.62053,59.49571],[18.60887,59.49672],[18.5993,59.49363],[18.59312,59.48607],[18.60001,59.4731],[18.5984,59.46004],[18.59199,59.45584],[18.57895,59.45621]]]]}},{"type":"Feature","properties":{"KnKod":"0120","KnNamn":"Värmdö"},"geometry":{"type":"MultiPolygon","coordinates":[[[[18.47654,59.29063],[18.49904,59.28296],[18.50797,59.27598],[18.5473,59.26749],[18.55189,59.27308],[18.53951,59.27847],[18.54086,59.28414],[18.6104,59.28855],[18.68053,59.29729],[18.6851,59.29212],[18.63587,59.26294],[18.6391,59.25748],[18.60346,59.25345],[18.59231,59.24738],[18.56643,59.24307],[18.56508,59.23201],[18.54843,59.22878],[18.52442,59.21836],[18.48226,59.22458],[18.47109,59.23968],[18.44929,59.2423],[18.42429,59.25071],[18.41423,59.26477],[18.39792,59.26993],[18.37825,59.28524],[18.34648,59.28642],[18.33332,59.29081],[18.33976,59.29568],[18.34994,59.29944],[18.34312,59.31341],[18.34694,59.31835],[18.36316,59.3233],[18.37111,59.33015],[18.36097,59.33244],[18.34325,59.33145],[18.35748,59.34732],[18.35947,59.3587],[18.39485,59.3601],[18.41592,59.35616],[18.44727,59.34018],[18.4471,59.33314],[18.43359,59.32913],[18.43963,59.32527],[18.43716,59.32096],[18.41858,59.30702],[18.41232,59.2981],[18.4214,59.29249],[18.45167,59.29502],[18.47654,59.29063]]],[[[18.46264,59.39759],[18.45619,59.40381],[18.44471,59.40615],[18.4382,59.4117],[18.43614,59.41647],[18.4449,59.41858],[18.45452,59.41697],[18.46533,59.42004],[18.49958,59.41675],[18.50511,59.41389],[18.51918,59.38997],[18.58429,59.36731],[18.60251,59.37216],[18.61548,59.37146],[18.62262,59.36587],[18.62183,59.35951],[18.61215,59.35508],[18.60163,59.35437],[18.59006,59.35571],[18.56911,59.35529],[18.54934,59.3535],[18.55436,59.34663],[18.57612,59.3487],[18.60541,59.34283],[18.6268,59.3365],[18.63464,59.32619],[18.63359,59.31781],[18.62503,59.30663],[18.61174,59.29927],[18.5181,59.28982],[18.4837,59.30153],[18.46946,59.30225],[18.45628,59.30632],[18.45728,59.3147],[18.46877,59.33994],[18.46916,59.34867],[18.45857,59.35837],[18.45588,59.36314],[18.46007,59.37077],[18.46704,59.37999],[18.46744,59.38872],[18.46264,59.39759]]],[[[18.7209,59.36369],[18.73005,59.35367],[18.7319,59.34252],[18.73144,59.32875],[18.72436,59.3192],[18.70858,59.31294],[18.68284,59.30529],[18.67217,59.30324],[18.66463,59.30548],[18.67079,59.32346],[18.67153,59.33454],[18.66478,59.34818],[18.63716,59.37251],[18.66853,59.378],[18.68437,59.36914],[18.69542,59.37385],[18.7209,59.36369]]],[[[18.85126,59.4072],[18.85409,59.41385],[18.85134,59.42267],[18.85093,59.42941],[18.85837,59.43625],[18.87371,59.44351],[18.89129,59.44767],[18.91931,59.44682],[18.92245,59.44101],[18.92282,59.43393],[18.91302,59.42919],[18.90321,59.42915],[18.90108,59.41812],[18.88491,59.40954],[18.86975,59.40361],[18.85991,59.39348],[18.84546,59.38787],[18.83606,59.39085],[18.84033,59.39845],[18.85126,59.4072]]],[[[18.72434,59.28323],[18.76605,59.2988],[18.77989,59.30007],[18.80013,59.29039],[18.77713,59.27863],[18.77151,59.26535],[18.75648,59.25975],[18.74201,59.26354],[18.72476,59.26103],[18.7144,59.26133],[18.71429,59.27075],[18.72434,59.28323]]],[[[18.9351,59.39387],[18.93931,59.37658],[18.93145,59.37145],[18.91457,59.3723],[18.9107,59.37746],[18.91261,59.39659],[18.90619,59.40249],[18.92048,59.40676],[18.92407,59.41405],[18.93442,59.4181],[18.95177,59.41588],[18.95529,59.40803],[18.9351,59.39387]]],[[[18.67613,59.20529],[18.68355,59.2128],[18.69407,59.21888],[18.70478,59.21622],[18.69879,59.20462],[18.72486,59.21059],[18.73836,59.2095],[18.73203,59.20062],[18.72048,59.19659],[18.70273,59.19476],[18.68268,59.1903],[18.66657,59.18607],[18.65018,59.17949],[18.65295,59.18612],[18.67613,59.20529]]],[[[18.90455,59.3558],[18.9065,59.3507],[18.89413,59.34603],[18.89324,59.33933],[18.88129,59.32793],[18.88319,59.32249],[18.8938,59.3141],[18.88478,59.31001],[18.85188,59.31236],[18.85914,59.31819],[18.86842,59.34413],[18.8745,59.35067],[18.88783,59.35767],[18.89576,59.35842],[18.90455,59.3558]]]]}},{"type":"Feature","properties":{"KnKod":"0123","KnNamn":"Järfälla"},"geometry":{"type":"Polygon","coordinates":[[[17.80356,59.4607],[17.80681,59.467],[17.79845,59.4728],[17.80705,59.5062],[17.84332,59.49779],[17.83807,59.47627],[17.8273,59.46891],[17.84525,59.46548],[17.8474,59.46072],[17.85212,59.45591],[17.87136,59.45211],[17.87657,59.44561],[17.87825,59.43011],[17.8879,59.42876],[17.89039,59.42109],[17.88722,59.4094],[17.87574,59.39925],[17.85509,59.38896],[17.84362,59.38519],[17.83465,59.38673],[17.83097,59.39556],[17.82092,59.39948],[17.81019,59.3967],[17.79701,59.38904],[17.78675,59.39723],[17.77684,59.40282],[17.77374,59.41095],[17.7757,59.42402],[17.79581,59.45516],[17.80356,59.4607]]]}},{"type":"Feature","properties":{"KnKod":"0125","KnNamn":"Ekerö"},"geometry":{"type":"MultiPolygon","coordinates":[[[[17.78679,59.32598],[17.7899,59.31784],[17.78133,59.31029],[17.76084,59.3074],[17.73329,59.3117],[17.71333,59.32759],[17.69706,59.32761],[17.65434,59.36448],[17.63691,59.38702],[17.63064,59.40329],[17.60453,59.43105],[17.60164,59.44187],[17.5982,59.44697],[17.59979,59.44997],[17.61388,59.45371],[17.62869,59.44432],[17.64335,59.44066],[17.66303,59.42781],[17.67947,59.42208],[17.69094,59.42587],[17.70946,59.42144],[17.73056,59.41022],[17.72508,59.40766],[17.71402,59.40789],[17.70394,59.40508],[17.70206,59.39908],[17.71318,59.38607],[17.72336,59.38349],[17.73144,59.38601],[17.73081,59.39274],[17.73502,59.39568],[17.76216,59.37996],[17.76495,59.37519],[17.77578,59.36588],[17.78099,59.35265],[17.77625,59.33125],[17.78679,59.32598]]],[[[17.61314,59.36333],[17.59939,59.36261],[17.58814,59.36787],[17.57249,59.38904],[17.55403,59.38706],[17.54396,59.39097],[17.53567,59.40693],[17.53268,59.41708],[17.54838,59.42448],[17.58087,59.42952],[17.59327,59.42926],[17.63647,59.36183],[17.65369,59.32383],[17.68146,59.32122],[17.70013,59.31242],[17.75966,59.29532],[17.77315,59.29368],[17.79773,59.29852],[17.80998,59.29723],[17.80895,59.29356],[17.83936,59.28547],[17.8432,59.27833],[17.83966,59.27538],[17.81309,59.26994],[17.78419,59.27361],[17.77613,59.27782],[17.76394,59.27944],[17.72684,59.27924],[17.68555,59.29627],[17.64809,59.30614],[17.63233,59.31151],[17.62634,59.31702],[17.62447,59.32479],[17.62839,59.33175],[17.62453,59.34595],[17.61174,59.34858],[17.61767,59.35618],[17.61314,59.36333]]],[[[17.48797,59.37798],[17.46987,59.38708],[17.46764,59.39115],[17.47007,59.39648],[17.47074,59.40386],[17.46923,59.40893],[17.47121,59.41628],[17.49191,59.42125],[17.50545,59.4193],[17.50934,59.41183],[17.52172,59.40452],[17.53479,59.38342],[17.54281,59.37856],[17.54468,59.37045],[17.53824,59.36453],[17.53509,59.35855],[17.53988,59.34704],[17.53085,59.34084],[17.51921,59.34174],[17.50305,59.35047],[17.49294,59.36109],[17.49638,59.37008],[17.48797,59.37798]]],[[[17.8906,59.33438],[17.8912,59.32765],[17.88505,59.32476],[17.87707,59.31049],[17.86068,59.30314],[17.84662,59.30547],[17.83397,59.31584],[17.80833,59.3329],[17.80635,59.33898],[17.81451,59.34887],[17.82083,59.35345],[17.84185,59.35499],[17.85645,59.35095],[17.87011,59.33788],[17.87944,59.33363],[17.8906,59.33438]]]]}},{"type":"Feature","properties":{"KnKod":"0126","KnNamn":"Huddinge"},"geometry":{"type":"Polygon","coordinates":[[[18.06037,59.24666],[18.08348,59.23804],[18.0977,59.23735],[18.11082,59.23836],[18.12109,59.24316],[18.14702,59.2425],[18.1679,59.23548],[18.17874,59.21391],[18.0997,59.1899],[18.09581,59.18395],[18.10572,59.17362],[18.08995,59.16561],[18.09267,59.16083],[18.07972,59.1551],[18.0549,59.15336],[18.03414,59.14714],[18.01433,59.14963],[17.99768,59.15776],[17.97947,59.16145],[17.96728,59.17093],[17.96242,59.19289],[17.94376,59.19434],[17.92844,59.20949],[17.92596,59.22937],[17.91864,59.23392],[17.90883,59.23347],[17.88247,59.2446],[17.88258,59.27328],[17.89925,59.273],[17.91134,59.27677],[17.925,59.28283],[17.94333,59.28375],[17.95645,59.27874],[17.97203,59.26592],[18.02203,59.25902],[18.03611,59.25094],[18.06037,59.24666]]]}},{"type":"Feature","properties":{"KnKod":"0127","KnNamn":"Botkyrka"},"geometry":{"type":"Polygon","coordinates":[[[17.85811,59.09213],[17.80784,59.10067],[17.77766,59.09664],[17.77254,59.1102],[17.77425,59.12092],[17.73805,59.10828],[17.73222,59.10168],[17.73754,59.08342],[17.73573,59.07136],[17.70548,59.06597],[17.69143,59.06796],[17.68901,59.08314],[17.6897,59.0969],[17.70114,59.11479],[17.69172,59.14266],[17.72792,59.15723],[17.73301,59.16283],[17.73187,59.17798],[17.78548,59.1912],[17.76081,59.21832],[17.76442,59.23706],[17.73652,59.25347],[17.73668,59.25616],[17.75924,59.26474],[17.78091,59.2604],[17.80449,59.26206],[17.84097,59.26259],[17.85852,59.25614],[17.86721,59.24586],[17.87218,59.237],[17.88247,59.2446],[17.90883,59.23347],[17.91864,59.23392],[17.92596,59.22937],[17.92844,59.20949],[17.94376,59.19434],[17.96242,59.19289],[17.96728,59.17093],[17.97947,59.16145],[17.91794,59.13915],[17.92177,59.12819],[17.90152,59.12441],[17.89326,59.11317],[17.89914,59.10732],[17.87703,59.09372],[17.85811,59.09213]]]}},{"type":"Feature","properties":{"KnKod":"0128","KnNamn":"Salem"},"geometry":{"type":"Polygon","coordinates":[[[17.66504,59.23857],[17.66655,59.2476],[17.65955,59.2491],[17.66095,59.25681],[17.65465,59.25895],[17.64527,59.25613],[17.63145,59.2544],[17.61428,59.25633],[17.61074,59.26223],[17.60337,59.26675],[17.59806,59.27257],[17.60407,59.28119],[17.62397,59.28514],[17.63468,59.28156],[17.65488,59.2818],[17.65616,59.2885],[17.68383,59.28521],[17.7084,59.27695],[17.71643,59.26603],[17.73668,59.25616],[17.73652,59.25347],[17.76442,59.23706],[17.76081,59.21832],[17.78548,59.1912],[17.73187,59.17798],[17.70978,59.18417],[17.71202,59.19387],[17.71011,59.20098],[17.67769,59.22822],[17.66501,59.22479],[17.65025,59.22646],[17.6452,59.23496],[17.64687,59.23895],[17.66504,59.23857]]]}},{"type":"Feature","properties":{"KnKod":"0136","KnNamn":"Haninge"},"geometry":{"type":"MultiPolygon","coordinates":[[[[18.32852,59.17026],[18.34873,59.16568],[18.37889,59.17384],[18.41055,59.16738],[18.44098,59.17226],[18.449,59.16868],[18.42667,59.14442],[18.41245,59.13942],[18.4004,59.13605],[18.39007,59.13633],[18.38608,59.14114],[18.37645,59.14175],[18.35165,59.1293],[18.32846,59.13025],[18.28455,59.12031],[18.26938,59.10659],[18.31551,59.10773],[18.31795,59.10095],[18.3009,59.09333],[18.25209,59.0852],[18.22811,59.07909],[18.21358,59.07072],[18.20176,59.06901],[18.19902,59.07345],[18.19909,59.07984],[18.22547,59.09025],[18.22844,59.09353],[18.22057,59.09845],[18.22774,59.10465],[18.23845,59.10773],[18.24823,59.10848],[18.25787,59.11361],[18.25708,59.118],[18.24785,59.12228],[18.22501,59.12085],[18.21169,59.1175],[18.20302,59.10932],[18.21094,59.10509],[18.20645,59.09948],[18.18887,59.09287],[18.14259,59.08395],[18.13694,59.0794],[18.10867,59.0754],[18.10092,59.06953],[18.09464,59.05927],[18.08275,59.05688],[18.05936,59.05577],[18.04225,59.05283],[18.03548,59.04392],[18.03391,59.03522],[18.02622,59.02969],[18.01489,59.03265],[18.0126,59.04145],[18.00003,59.04275],[17.99522,59.04825],[17.96225,59.05441],[17.95545,59.06366],[17.95484,59.07644],[17.97813,59.09504],[17.98096,59.10372],[17.97205,59.10494],[17.97092,59.11908],[17.94978,59.12126],[17.93698,59.11651],[17.92659,59.12248],[17.92177,59.12819],[17.91794,59.13915],[17.97947,59.16145],[17.99768,59.15776],[18.01433,59.14963],[18.03414,59.14714],[18.0549,59.15336],[18.07972,59.1551],[18.09267,59.16083],[18.08995,59.16561],[18.10572,59.17362],[18.09581,59.18395],[18.0997,59.1899],[18.17874,59.21391],[18.20822,59.22011],[18.23311,59.22183],[18.25924,59.21174],[18.2895,59.19817],[18.298,59.1872],[18.31345,59.1804],[18.32852,59.17026]]],[[[18.40578,59.01051],[18.39421,59.01082],[18.38809,59.0194],[18.36372,59.01535],[18.3451,59.0219],[18.34125,59.03343],[18.36484,59.04725],[18.36199,59.05068],[18.34892,59.04936],[18.34558,59.05416],[18.37488,59.07253],[18.37401,59.07625],[18.36581,59.07815],[18.37071,59.08138],[18.4112,59.09004],[18.46677,59.1218],[18.48497,59.10079],[18.47806,59.09156],[18.45416,59.08113],[18.45259,59.06773],[18.42582,59.05467],[18.41704,59.01827],[18.40578,59.01051]]],[[[18.22081,58.9149],[18.19399,58.91694],[18.19355,58.92467],[18.18821,58.92885],[18.17191,58.9212],[18.15663,58.91688],[18.14749,58.91576],[18.14713,58.92418],[18.21115,58.94977],[18.2718,58.9677],[18.28952,58.96455],[18.32225,58.97443],[18.33341,58.98187],[18.34553,58.98625],[18.35287,58.9827],[18.35162,58.97196],[18.34201,58.96685],[18.29012,58.95275],[18.28217,58.94524],[18.29698,58.93947],[18.30723,58.93314],[18.27474,58.92493],[18.25501,58.92712],[18.24245,58.92409],[18.23337,58.91793],[18.22081,58.9149]]],[[[18.07356,58.97105],[18.05844,58.9684],[18.05214,58.9699],[18.05812,58.97749],[18.05608,58.98862],[18.05911,58.99292],[18.08157,59.0038],[18.08348,59.00946],[18.08133,59.01959],[18.09049,59.02677],[18.10171,59.02884],[18.13388,59.0277],[18.16184,59.0354],[18.19367,59.03089],[18.20594,59.03092],[18.20142,59.02498],[18.18744,59.02131],[18.17254,59.02102],[18.1633,59.01318],[18.16435,59.00508],[18.15745,59.00124],[18.14616,59.00421],[18.13657,58.99907],[18.13891,58.99094],[18.15046,58.97854],[18.13899,58.97379],[18.12141,58.97222],[18.11151,58.97617],[18.10851,58.98431],[18.10055,58.9882],[18.09058,58.98542],[18.08307,58.97552],[18.07356,58.97105]]]]}},{"type":"Feature","properties":{"KnKod":"0138","KnNamn":"Tyresö"},"geometry":{"type":"Polygon","coordinates":[[[18.32852,59.17026],[18.31345,59.1804],[18.298,59.1872],[18.2895,59.19817],[18.25924,59.21174],[18.23311,59.22183],[18.20822,59.22011],[18.17874,59.21391],[18.1679,59.23548],[18.17862,59.23431],[18.1916,59.24003],[18.19417,59.24568],[18.18888,59.24884],[18.23494,59.26144],[18.24686,59.25744],[18.26471,59.26],[18.2886,59.25837],[18.34029,59.23852],[18.35717,59.22731],[18.38711,59.22214],[18.40398,59.20522],[18.3961,59.19903],[18.37524,59.19287],[18.36547,59.18137],[18.37889,59.17384],[18.34873,59.16568],[18.32852,59.17026]]]}},{"type":"Feature","properties":{"KnKod":"0139","KnNamn":"Upplands-Bro"},"geometry":{"type":"Polygon","coordinates":[[[17.67674,59.61637],[17.7007,59.61283],[17.74147,59.59985],[17.777,59.59403],[17.80598,59.58197],[17.81007,59.57481],[17.80616,59.55776],[17.81286,59.54619],[17.83223,59.53029],[17.82959,59.52363],[17.81366,59.51525],[17.80705,59.5062],[17.79845,59.4728],[17.78267,59.46755],[17.77239,59.48256],[17.75984,59.4815],[17.75101,59.46488],[17.75225,59.44436],[17.7396,59.43557],[17.72929,59.43713],[17.72989,59.44316],[17.71632,59.44481],[17.69969,59.44852],[17.69809,59.4657],[17.68882,59.47127],[17.68781,59.48104],[17.64669,59.49569],[17.62588,59.49714],[17.61194,59.48836],[17.61528,59.48225],[17.6218,59.47505],[17.6173,59.46909],[17.601,59.46943],[17.59587,59.4776],[17.59648,59.49775],[17.58907,59.50261],[17.57656,59.50186],[17.57074,59.4956],[17.57598,59.48877],[17.56801,59.48758],[17.53209,59.50949],[17.52739,59.5153],[17.53121,59.52126],[17.54564,59.52836],[17.56047,59.53277],[17.57185,59.54933],[17.56849,59.55546],[17.56692,59.56198],[17.57239,59.57587],[17.53416,59.59513],[17.53119,59.61266],[17.54518,59.62884],[17.56111,59.63725],[17.57567,59.6383],[17.591,59.64986],[17.63288,59.63846],[17.66397,59.62705],[17.67674,59.61637]]]}},{"type":"Feature","properties":{"KnKod":"0140","KnNamn":"Nykvarn"},"geometry":{"type":"Polygon","coordinates":[[[17.36194,59.25712],[17.48818,59.22227],[17.53805,59.23067],[17.56471,59.19954],[17.49961,59.16781],[17.48445,59.14628],[17.49079,59.13172],[17.46391,59.12211],[17.41648,59.12451],[17.32569,59.1419],[17.30393,59.14157],[17.25416,59.19043],[17.24034,59.24219],[17.28475,59.26796],[17.30234,59.25186],[17.33137,59.25703],[17.36194,59.25712]]]}},{"type":"Feature","properties":{"KnKod":"0160","KnNamn":"Täby"},"geometry":{"type":"Polygon","coordinates":[[[18.08578,59.50518],[18.10496,59.50707],[18.11824,59.49666],[18.14342,59.49345],[18.14666,59.4694],[18.13372,59.45896],[18.14218,59.44889],[18.10965,59.43637],[18.11634,59.43183],[18.10127,59.42549],[18.09686,59.4192],[18.05227,59.42566],[18.05777,59.44032],[18.04425,59.44804],[18.03583,59.44287],[18.02126,59.44121],[17.99713,59.46632],[18.00259,59.48064],[17.9912,59.4967],[18.02158,59.51133],[18.06063,59.50882],[18.08578,59.50518]]]}},{"type":"Feature","properties":{"KnKod":"0162","KnNamn":"Danderyd"},"geometry":{"type":"Polygon","coordinates":[[[18.00419,59.42212],[18.01975,59.43318],[18.02126,59.44121],[18.03583,59.44287],[18.04425,59.44804],[18.05777,59.44032],[18.05227,59.42566],[18.09686,59.4192],[18.09577,59.40512],[18.08795,59.39328],[18.06035,59.37799],[18.00006,59.39958],[18.00519,59.40698],[18.00419,59.42212]]]}},{"type":"Feature","properties":{"KnKod":"0163","KnNamn":"Sollentuna"},"geometry":{"type":"Polygon","coordinates":[[[17.92794,59.49921],[17.93852,59.49392],[17.95205,59.49192],[17.9662,59.48318],[17.96385,59.47316],[17.97961,59.46774],[17.99713,59.46632],[18.02126,59.44121],[18.01975,59.43318],[18.00419,59.42212],[18.00519,59.40698],[18.00006,59.39958],[17.97666,59.39362],[17.96416,59.40795],[17.93854,59.41291],[17.92559,59.42027],[17.91439,59.43197],[17.9016,59.43461],[17.8879,59.42876],[17.87825,59.43011],[17.87657,59.44561],[17.87136,59.45211],[17.85212,59.45591],[17.8474,59.46072],[17.84525,59.46548],[17.8273,59.46891],[17.83807,59.47627],[17.87597,59.48426],[17.88079,59.4929],[17.90552,59.49132],[17.92794,59.49921]]]}},{"type":"Feature","properties":{"KnKod":"0180","KnNamn":"Stockholm"},"geometry":{"type":"MultiPolygon","coordinates":[[[[18.06671,59.32424],[18.0666,59.32249],[18.07994,59.31946],[18.10246,59.3171],[18.1025,59.30546],[18.11349,59.30451],[18.12102,59.30198],[18.12074,59.28752],[18.14655,59.27378],[18.16013,59.261],[18.1729,59.25328],[18.18888,59.24884],[18.19417,59.24568],[18.1916,59.24003],[18.17862,59.23431],[18.1679,59.23548],[18.14702,59.2425],[18.12109,59.24316],[18.11082,59.23836],[18.0977,59.23735],[18.08348,59.23804],[18.06037,59.24666],[18.03611,59.25094],[18.02203,59.25902],[17.97203,59.26592],[17.95645,59.27874],[17.94333,59.28375],[17.925,59.28283],[17.91134,59.27677],[17.89925,59.273],[17.88258,59.27328],[17.87586,59.2796],[17.88082,59.2899],[17.90486,59.29573],[17.92189,59.30306],[17.96176,59.31087],[17.98544,59.31301],[17.99308,59.31752],[18.01589,59.31765],[18.03846,59.32147],[18.06177,59.3231],[18.06401,59.32452],[18.06767,59.33253],[18.04593,59.33036],[18.02895,59.3301],[18.01123,59.3349],[17.99407,59.34564],[18.01251,59.34697],[18.02493,59.3534],[18.03541,59.35381],[18.04331,59.36068],[18.041,59.36342],[18.03991,59.37152],[18.06035,59.37799],[18.09752,59.35533],[18.12427,59.34357],[18.13747,59.33316],[18.13738,59.32644],[18.12449,59.32172],[18.10843,59.3238],[18.09122,59.3333],[18.07053,59.33278],[18.07755,59.32758],[18.06671,59.32424]]],[[[17.94825,59.31859],[17.93172,59.32872],[17.91301,59.3305],[17.90248,59.33579],[17.89488,59.34436],[17.85698,59.35632],[17.79701,59.38904],[17.81019,59.3967],[17.82092,59.39948],[17.83097,59.39556],[17.83465,59.38673],[17.84362,59.38519],[17.85509,59.38896],[17.87574,59.39925],[17.88722,59.4094],[17.89039,59.42109],[17.8879,59.42876],[17.9016,59.43461],[17.91439,59.43197],[17.92559,59.42027],[17.93854,59.41291],[17.96416,59.40795],[17.97666,59.39362],[17.96777,59.39274],[17.95593,59.38563],[17.93343,59.38279],[17.93161,59.37141],[17.95995,59.36805],[17.97212,59.35779],[17.99329,59.34609],[17.98842,59.34721],[17.98407,59.34328],[17.98233,59.3329],[17.97535,59.32232],[17.9607,59.31931],[17.94825,59.31859]]]]}},{"type":"Feature","properties":{"KnKod":"0181","KnNamn":"Södertälje"},"geometry":{"type":"Polygon","coordinates":[[[17.30393,59.14157],[17.32569,59.1419],[17.41648,59.12451],[17.46391,59.12211],[17.49079,59.13172],[17.48445,59.14628],[17.49961,59.16781],[17.56471,59.19954],[17.53805,59.23067],[17.48818,59.22227],[17.41781,59.24227],[17.41464,59.2504],[17.38074,59.27894],[17.37679,59.28573],[17.3784,59.31158],[17.3685,59.31748],[17.36657,59.32524],[17.38377,59.32828],[17.38969,59.32144],[17.39988,59.31889],[17.42511,59.30966],[17.43814,59.30975],[17.46583,59.29207],[17.54441,59.26898],[17.56647,59.26853],[17.57803,59.26023],[17.59045,59.24014],[17.61494,59.2104],[17.62905,59.20841],[17.63233,59.21574],[17.61979,59.23415],[17.61428,59.25633],[17.63145,59.2544],[17.64527,59.25613],[17.65465,59.25895],[17.66095,59.25681],[17.65955,59.2491],[17.66655,59.2476],[17.66504,59.23857],[17.64687,59.23895],[17.6452,59.23496],[17.65025,59.22646],[17.66501,59.22479],[17.67769,59.22822],[17.71011,59.20098],[17.71202,59.19387],[17.70978,59.18417],[17.73187,59.17798],[17.73301,59.16283],[17.72792,59.15723],[17.69172,59.14266],[17.68564,59.14907],[17.67387,59.16814],[17.66704,59.17132],[17.65687,59.16682],[17.65924,59.1577],[17.67593,59.14256],[17.6809,59.12666],[17.67997,59.11693],[17.67366,59.11203],[17.66384,59.11089],[17.65493,59.11243],[17.64854,59.10651],[17.65324,59.10138],[17.62512,59.09155],[17.61832,59.088],[17.61812,59.07894],[17.63186,59.07394],[17.63325,59.06786],[17.61497,59.05211],[17.61507,59.01179],[17.62152,58.99821],[17.63288,59.00234],[17.64814,59.0205],[17.65327,59.03382],[17.65689,59.05156],[17.67231,59.05728],[17.686,59.05161],[17.68863,59.03877],[17.69522,58.95933],[17.68701,58.94069],[17.67615,58.93521],[17.65799,58.94064],[17.63698,58.9431],[17.61895,58.90485],[17.60014,58.9478],[17.52531,58.9678],[17.52157,58.99166],[17.36402,58.99215],[17.28902,59.05012],[17.30393,59.14157]]]}},{"type":"Feature","properties":{"KnKod":"0182","KnNamn":"Nacka"},"geometry":{"type":"MultiPolygon","coordinates":[[[[18.16013,59.261],[18.14655,59.27378],[18.12074,59.28752],[18.12102,59.30198],[18.11349,59.30451],[18.1025,59.30546],[18.10246,59.3171],[18.12053,59.31543],[18.14298,59.31823],[18.19795,59.33197],[18.20503,59.33112],[18.20433,59.31903],[18.20707,59.30284],[18.2136,59.29728],[18.25199,59.29697],[18.27166,59.29814],[18.28694,59.29505],[18.29494,59.28543],[18.29868,59.27828],[18.33775,59.27287],[18.34152,59.26604],[18.33075,59.26298],[18.27639,59.27113],[18.25875,59.27058],[18.25453,59.26766],[18.25742,59.26456],[18.26471,59.26],[18.24686,59.25744],[18.23494,59.26144],[18.18888,59.24884],[18.1729,59.25328],[18.16013,59.261]]],[[[18.30481,59.33728],[18.29906,59.3213],[18.2937,59.31438],[18.28005,59.30902],[18.25859,59.30353],[18.23469,59.30515],[18.22335,59.3088],[18.2221,59.3206],[18.2267,59.34402],[18.25088,59.35045],[18.25976,59.35392],[18.26447,59.36085],[18.30696,59.36176],[18.32439,59.35997],[18.34536,59.36097],[18.35947,59.3587],[18.35748,59.34732],[18.34325,59.33145],[18.32997,59.33494],[18.30481,59.33728]]]]}},{"type":"Feature","properties":{"KnKod":"0183","KnNamn":"Sundbyberg"},"geometry":{"type":"Polygon","coordinates":[[[17.95995,59.36805],[17.93161,59.37141],[17.93343,59.38279],[17.95593,59.38563],[17.96777,59.39274],[17.97666,59.39362],[17.99078,59.37573],[17.97212,59.35779],[17.95995,59.36805]]]}},{"type":"Feature","properties":{"KnKod":"0184","KnNamn":"Solna"},"geometry":{"type":"Polygon","coordinates":[[[18.041,59.36342],[18.04331,59.36068],[18.03541,59.35381],[18.02493,59.3534],[18.01251,59.34697],[17.99407,59.34564],[17.97212,59.35779],[17.99078,59.37573],[17.97666,59.39362],[18.00006,59.39958],[18.06035,59.37799],[18.03991,59.37152],[18.041,59.36342]]]}},{"type":"Feature","properties":{"KnKod":"0186","KnNamn":"Lidingö"},"geometry":{"type":"Polygon","coordinates":[[[18.10584,59.38975],[18.11332,59.39225],[18.12882,59.39086],[18.17522,59.37961],[18.21452,59.37491],[18.22916,59.37757],[18.24265,59.37554],[18.24454,59.36927],[18.22288,59.36797],[18.21668,59.36511],[18.21825,59.3617],[18.22367,59.35787],[18.2178,59.35197],[18.20561,59.34792],[18.18821,59.34399],[18.16611,59.34454],[18.14372,59.34847],[18.13006,59.36057],[18.12617,59.36672],[18.12628,59.37377],[18.11964,59.37864],[18.10754,59.3813],[18.10472,59.3854],[18.10584,59.38975]]]}},{"type":"Feature","properties":{"KnKod":"0187","KnNamn":"Vaxholm"},"geometry":{"type":"MultiPolygon","coordinates":[[[[18.28109,59.40916],[18.26898,59.40612],[18.27247,59.40233],[18.29473,59.40276],[18.30269,59.39818],[18.2942,59.39269],[18.27169,59.38991],[18.21472,59.38835],[18.20081,59.3924],[18.18525,59.39347],[18.16348,59.39738],[18.16856,59.41944],[18.17516,59.42599],[18.19504,59.42247],[18.20304,59.42395],[18.21891,59.41932],[18.23447,59.4302],[18.24551,59.42958],[18.26326,59.43047],[18.28557,59.41409],[18.28109,59.40916]]],[[[18.31258,59.43288],[18.31407,59.44024],[18.32375,59.44468],[18.33234,59.44547],[18.3446,59.43842],[18.35859,59.43503],[18.36011,59.43129],[18.33692,59.42854],[18.31742,59.4183],[18.30558,59.42332],[18.31258,59.43288]]]]}},{"type":"Feature","properties":{"KnKod":"0188","KnNamn":"Norrtälje"},"geometry":{"type":"MultiPolygon","coordinates":[[[[18.44792,59.55835],[18.44751,59.5661],[18.43603,59.56707],[18.42981,59.58272],[18.41819,59.59546],[18.39331,59.6015],[18.38805,59.61813],[18.3782,59.62377],[18.38769,59.64839],[18.38526,59.65552],[18.35081,59.66483],[18.32665,59.68327],[18.2977,59.67798],[18.29114,59.68387],[18.24345,59.66425],[18.19654,59.66847],[18.18557,59.66471],[18.17305,59.66469],[18.1712,59.67147],[18.1641,59.67871],[18.14642,59.67959],[18.14071,59.68734],[18.11887,59.6983],[18.12456,59.70791],[18.13257,59.71477],[18.12706,59.71861],[18.11028,59.71599],[18.09774,59.72168],[18.08911,59.73617],[18.13985,59.81418],[18.2974,59.83298],[18.37379,59.86891],[18.40307,59.99585],[18.44192,60.00372],[18.38175,60.04532],[18.46247,60.05673],[18.48907,60.10562],[18.51103,60.15487],[18.61015,60.14158],[18.67602,60.13088],[18.70843,60.16289],[18.72124,60.21286],[18.79913,60.17198],[18.78154,60.10782],[18.82007,60.09196],[18.8598,60.00311],[18.92878,59.9373],[19.02167,59.90047],[19.08446,59.87154],[19.04132,59.81864],[18.96973,59.82096],[18.96963,59.77721],[19.06861,59.75986],[19.07539,59.71553],[19.01506,59.69688],[18.85951,59.70614],[18.74148,59.67571],[18.72423,59.62247],[18.66726,59.57737],[18.64706,59.58673],[18.62771,59.57922],[18.61929,59.58014],[18.61276,59.5857],[18.60774,59.58753],[18.59355,59.58424],[18.58526,59.59153],[18.57411,59.59184],[18.56063,59.58885],[18.55195,59.59314],[18.52259,59.58958],[18.49273,59.59242],[18.48496,59.58255],[18.48836,59.57809],[18.48786,59.57407],[18.47708,59.56092],[18.46143,59.5563],[18.44792,59.55835]]],[[[18.97218,59.64139],[18.97025,59.62084],[18.91402,59.6195],[18.90549,59.59465],[18.85765,59.59933],[18.77241,59.56906],[18.75446,59.57752],[18.8077,59.59869],[18.85655,59.63877],[18.91733,59.65524],[18.97218,59.64139]]]]}},{"type":"Feature","properties":{"KnKod":"0191","KnNamn":"Sigtuna"},"geometry":{"type":"Polygon","coordinates":[[[17.67674,59.61637],[17.66397,59.62705],[17.63288,59.63846],[17.591,59.64986],[17.58259,59.65597],[17.61149,59.66915],[17.63978,59.67595],[17.63558,59.69502],[17.6926,59.69096],[17.70554,59.68195],[17.73096,59.67939],[17.73626,59.6665],[17.7552,59.66507],[17.76847,59.67924],[17.79149,59.68545],[17.81316,59.68498],[17.82384,59.68003],[17.84344,59.68497],[17.83822,59.6918],[17.91755,59.70714],[17.93736,59.70769],[17.95504,59.71265],[17.9881,59.72599],[18.00922,59.72617],[18.03676,59.73693],[18.04633,59.73401],[18.06772,59.73652],[18.08911,59.73617],[18.09774,59.72168],[18.11028,59.71599],[18.12706,59.71861],[18.13257,59.71477],[18.12456,59.70791],[18.11887,59.6983],[18.14071,59.68734],[18.14642,59.67959],[18.12507,59.67698],[18.13031,59.67079],[18.11529,59.66613],[18.10139,59.65336],[18.09348,59.63541],[18.05715,59.63393],[18.04371,59.63124],[18.01497,59.63294],[18.01973,59.60391],[18.01661,59.58718],[18.01103,59.5779],[18.01889,59.57167],[17.96465,59.56153],[17.92879,59.56371],[17.8837,59.55904],[17.86379,59.56318],[17.85465,59.57012],[17.81007,59.57481],[17.80598,59.58197],[17.777,59.59403],[17.74147,59.59985],[17.7007,59.61283],[17.67674,59.61637]]]}},{"type":"Feature","properties":{"KnKod":"0192","KnNamn":"Nynäshamn"},"geometry":{"type":"Polygon","coordinates":[[[17.76443,59.09358],[17.77766,59.09664],[17.80784,59.10067],[17.85811,59.09213],[17.87703,59.09372],[17.89914,59.10732],[17.89326,59.11317],[17.90152,59.12441],[17.92177,59.12819],[17.92659,59.12248],[17.93698,59.11651],[17.94978,59.12126],[17.97092,59.11908],[17.97205,59.10494],[17.98096,59.10372],[17.97813,59.09504],[17.95484,59.07644],[17.95545,59.06366],[17.96225,59.05441],[17.99522,59.04825],[18.00003,59.04275],[17.99793,59.0371],[18.00559,59.0117],[18.00726,59.00292],[18.00233,58.99901],[17.99389,58.99854],[17.99031,59.0077],[17.98377,59.0129],[17.97621,59.00232],[17.97395,58.99297],[17.95593,58.96852],[17.96354,58.93608],[17.95218,58.91349],[17.92948,58.90562],[17.90694,58.89271],[17.89093,58.86821],[17.87535,58.86018],[17.84861,58.81138],[17.78548,58.8024],[17.78579,58.81214],[17.81757,58.83495],[17.82171,58.85065],[17.80056,58.87734],[17.77654,58.90141],[17.75395,58.91401],[17.74722,58.92424],[17.7536,58.93015],[17.75726,58.96771],[17.74592,58.97703],[17.74735,58.98507],[17.75676,58.99561],[17.748,59.02471],[17.7366,59.04043],[17.73754,59.05014],[17.74911,59.06267],[17.76094,59.07114],[17.75747,59.08197],[17.76443,59.09358]]]}},{"type":"Feature","properties":{"KnKod":"0305","KnNamn":"Håbo"},"geometry":{"type":"Polygon","coordinates":[[[17.61149,59.66915],[17.58259,59.65597],[17.591,59.64986],[17.57567,59.6383],[17.56111,59.63725],[17.54518,59.62884],[17.53119,59.61266],[17.53416,59.59513],[17.57239,59.57587],[17.56692,59.56198],[17.55257,59.56047],[17.54002,59.54561],[17.52651,59.53413],[17.50748,59.53384],[17.47395,59.54694],[17.44175,59.56807],[17.41416,59.58944],[17.40421,59.60306],[17.39846,59.61963],[17.36606,59.61224],[17.45316,59.668],[17.50156,59.71173],[17.47933,59.73107],[17.60761,59.73379],[17.63558,59.69502],[17.63978,59.67595],[17.61149,59.66915]]]}},{"type":"Feature","properties":{"KnKod":"0319","KnNamn":"Älvkarleby"},"geometry":{"type":"Polygon","coordinates":[[[17.30079,60.47114],[17.35078,60.65233],[17.60768,60.6496],[17.60276,60.59605],[17.4695,60.54483],[17.43987,60.4815],[17.30079,60.47114]]]}},{"type":"Feature","properties":{"KnKod":"0330","KnNamn":"Knivsta"},"geometry":{"type":"Polygon","coordinates":[[[17.60605,59.73376],[17.61001,59.74476],[17.61352,59.76138],[17.62217,59.77314],[17.64931,59.78306],[17.66792,59.79723],[17.67567,59.78945],[17.67232,59.77662],[17.69418,59.76577],[17.72795,59.76956],[17.7353,59.77453],[17.76566,59.78217],[17.77105,59.80054],[17.78723,59.81032],[17.80003,59.82125],[17.80951,59.82365],[17.84264,59.821],[17.86041,59.81608],[17.87956,59.81387],[17.89908,59.81787],[17.92019,59.81849],[17.93846,59.81669],[17.9532,59.81065],[17.97165,59.80689],[17.99048,59.80919],[18.00905,59.81331],[18.02686,59.8281],[18.05279,59.81991],[18.06548,59.80944],[18.08549,59.81204],[18.0971,59.81149],[18.11707,59.81529],[18.13976,59.81432],[18.08911,59.73617],[18.06772,59.73652],[18.04633,59.73401],[18.03676,59.73693],[18.00922,59.72617],[17.9881,59.72599],[17.95504,59.71265],[17.93736,59.70769],[17.91755,59.70714],[17.83822,59.6918],[17.84344,59.68497],[17.82384,59.68003],[17.81316,59.68498],[17.79149,59.68545],[17.76847,59.67924],[17.7552,59.66507],[17.73626,59.6665],[17.73096,59.67939],[17.70554,59.68195],[17.6926,59.69096],[17.63558,59.69502],[17.60605,59.73376]]]}},{"type":"Feature","properties":{"KnKod":"0331","KnNamn":"Heby"},"geometry":{"type":"Polygon","coordinates":[[[17.27394,60.26235],[17.37014,60.22845],[17.29823,60.10449],[17.30391,60.06051],[17.25718,60.03652],[17.20477,60.04376],[17.17649,60.00757],[17.11,60.00303],[17.09341,59.98238],[17.13416,59.95964],[17.12757,59.88384],[17.02286,59.83107],[16.95065,59.87042],[16.83126,59.86022],[16.77816,59.9],[16.79855,59.92224],[16.78964,59.97001],[16.69192,60.01084],[16.7218,60.04155],[16.69298,60.11054],[16.73512,60.11869],[16.72044,60.19991],[16.79744,60.20171],[16.88116,60.24158],[16.865,60.26259],[16.90576,60.28713],[17.10041,60.26871],[17.19953,60.30919],[17.2744,60.28956],[17.27394,60.26235]]]}},{"type":"Feature","properties":{"KnKod":"0360","KnNamn":"Tierp"},"geometry":{"type":"Polygon","coordinates":[[[17.27394,60.26235],[17.2744,60.28956],[17.19953,60.30919],[17.2041,60.42871],[17.30079,60.47114],[17.43987,60.4815],[17.4695,60.54483],[17.60276,60.59605],[17.65516,60.5245],[17.73107,60.53178],[17.78951,60.57847],[17.90775,60.60262],[17.98787,60.57493],[17.99744,60.51059],[18.10181,60.43812],[18.04741,60.40552],[17.95934,60.40476],[17.9538,60.33978],[17.9129,60.31373],[17.79046,60.319],[17.74642,60.24593],[17.72695,60.20558],[17.71675,60.14763],[17.55867,60.11597],[17.49591,60.13674],[17.47602,60.19257],[17.3736,60.15255],[17.31913,60.13957],[17.37014,60.22845],[17.27394,60.26235]]]}},{"type":"Feature","properties":{"KnKod":"0380","KnNamn":"Uppsala"},"geometry":{"type":"Polygon","coordinates":[[[18.08911,59.73617],[18.13976,59.81432],[18.11707,59.81529],[18.0971,59.81149],[18.08549,59.81204],[18.06548,59.80944],[18.05279,59.81991],[18.02686,59.8281],[18.00905,59.81331],[17.99048,59.80919],[17.97165,59.80689],[17.9532,59.81065],[17.93846,59.81669],[17.92019,59.81849],[17.89908,59.81787],[17.87956,59.81387],[17.86041,59.81608],[17.84264,59.821],[17.80951,59.82365],[17.80003,59.82125],[17.78723,59.81032],[17.77105,59.80054],[17.76566,59.78217],[17.7353,59.77453],[17.72795,59.76956],[17.69418,59.76577],[17.67232,59.77662],[17.67567,59.78945],[17.66792,59.79723],[17.64931,59.78306],[17.62217,59.77314],[17.61352,59.76138],[17.61001,59.74476],[17.60605,59.73376],[17.47933,59.73107],[17.3874,59.73796],[17.3831,59.78543],[17.32335,59.80231],[17.28261,59.7852],[17.21375,59.83348],[17.15591,59.83202],[17.15482,59.86654],[17.12757,59.88384],[17.13416,59.95964],[17.09341,59.98238],[17.11,60.00303],[17.17649,60.00757],[17.20477,60.04376],[17.25718,60.03652],[17.30391,60.06051],[17.29823,60.10449],[17.31913,60.13957],[17.3736,60.15255],[17.47602,60.19257],[17.49591,60.13674],[17.55867,60.11597],[17.71675,60.14763],[17.82972,60.14911],[17.80773,60.11259],[17.86911,60.11174],[17.86835,60.07365],[17.94599,60.0316],[18.1028,60.04714],[18.14509,60.02033],[18.38175,60.04532],[18.44192,60.00372],[18.40307,59.99585],[18.37379,59.86891],[18.2974,59.83298],[18.13985,59.81418],[18.08911,59.73617]]]}},{"type":"Feature","properties":{"KnKod":"0381","KnNamn":"Enköping"},"geometry":{"type":"Polygon","coordinates":[[[17.42286,59.52724],[17.42575,59.47435],[17.34078,59.47678],[17.21708,59.53268],[17.10321,59.56055],[17.04365,59.55194],[16.97374,59.53128],[16.90482,59.5674],[16.86904,59.67444],[16.79464,59.73201],[16.74421,59.78129],[16.79975,59.81875],[16.83126,59.86022],[16.95065,59.87042],[17.02286,59.83107],[17.12757,59.88384],[17.15482,59.86654],[17.15591,59.83202],[17.21375,59.83348],[17.28261,59.7852],[17.32335,59.80231],[17.3831,59.78543],[17.3874,59.73796],[17.47933,59.73107],[17.50156,59.71173],[17.45316,59.668],[17.36606,59.61224],[17.35475,59.60292],[17.42286,59.52724]]]}},{"type":"Feature","properties":{"KnKod":"0382","KnNamn":"Östhammar"},"geometry":{"type":"Polygon","coordinates":[[[18.44291,60.41686],[18.51172,60.35689],[18.58104,60.34418],[18.56702,60.31251],[18.48187,60.31007],[18.56204,60.27466],[18.60047,60.23522],[18.56981,60.20849],[18.50803,60.20972],[18.51103,60.15487],[18.48907,60.10562],[18.46247,60.05673],[18.38175,60.04532],[18.14509,60.02033],[18.1028,60.04714],[17.94599,60.0316],[17.86835,60.07365],[17.86911,60.11174],[17.80773,60.11259],[17.82972,60.14911],[17.71675,60.14763],[17.72695,60.20558],[17.74642,60.24593],[17.79046,60.319],[17.9129,60.31373],[17.9538,60.33978],[17.95934,60.40476],[18.04741,60.40552],[18.10181,60.43812],[18.27058,60.36093],[18.36871,60.34614],[18.40478,60.36702],[18.36641,60.45369],[18.37293,60.49687],[18.40875,60.50504],[18.44291,60.41686]]]}},{"type":"Feature","properties":{"KnKod":"0428","KnNamn":"Vingåker"},"geometry":{"type":"Polygon","coordinates":[[[15.8613,58.99856],[15.84306,59.02498],[15.79383,59.03876],[15.74179,58.98033],[15.63234,59.0032],[15.60587,59.02475],[15.62634,59.06883],[15.67852,59.11286],[15.77171,59.12005],[15.76981,59.15004],[15.83661,59.14657],[15.88561,59.17078],[16.00089,59.15843],[16.04332,59.11602],[16.13561,59.03433],[16.08131,59.02682],[15.95815,58.96497],[15.8613,58.99856]]]}},{"type":"Feature","properties":{"KnKod":"0461","KnNamn":"Gnesta"},"geometry":{"type":"Polygon","coordinates":[[[17.38768,58.92942],[17.3423,58.9555],[17.31332,58.94769],[17.2793,58.95828],[17.24738,58.95149],[17.21211,58.97127],[17.18395,58.98177],[17.14302,58.97405],[17.05115,59.01274],[16.98315,59.06056],[16.87724,59.12396],[16.89472,59.14998],[16.86945,59.16075],[16.92712,59.21847],[17.17565,59.21226],[17.1979,59.19076],[17.25416,59.19043],[17.30393,59.14157],[17.28902,59.05012],[17.36402,58.99215],[17.40376,58.95271],[17.38768,58.92942]]]}},{"type":"Feature","properties":{"KnKod":"0480","KnNamn":"Nyköping"},"geometry":{"type":"Polygon","coordinates":[[[17.40389,58.79138],[17.38837,58.7466],[17.32293,58.75453],[17.28151,58.72948],[17.17998,58.74223],[17.12784,58.74228],[17.07948,58.76925],[17.01324,58.75572],[17.08279,58.72125],[16.99058,58.72284],[16.96974,58.68802],[16.92625,58.67651],[17.00948,58.66351],[17.01062,58.64167],[16.90149,58.62203],[16.74836,58.63245],[16.68784,58.68001],[16.54529,58.70577],[16.36946,58.70997],[16.25292,58.82905],[16.36301,58.80998],[16.38122,58.78526],[16.45214,58.77707],[16.58271,58.81201],[16.54199,58.88472],[16.6336,58.88836],[16.65762,58.91394],[16.71457,58.90473],[16.74481,58.91358],[16.72821,58.94368],[16.80638,58.962],[16.8565,58.95318],[16.85439,59.01133],[16.98315,59.06056],[17.05115,59.01274],[17.14302,58.97405],[17.18395,58.98177],[17.21211,58.97127],[17.24738,58.95149],[17.2793,58.95828],[17.31332,58.94769],[17.3423,58.9555],[17.38768,58.92942],[17.39167,58.88444],[17.36389,58.86844],[17.36656,58.82753],[17.41699,58.81571],[17.43065,58.78795],[17.40389,58.79138]]]}},{"type":"Feature","properties":{"KnKod":"0481","KnNamn":"Oxelösund"},"geometry":{"type":"Polygon","coordinates":[[[16.99058,58.72284],[17.08279,58.72125],[17.13288,58.69659],[17.08875,58.6616],[17.02882,58.68392],[16.96974,58.68802],[16.99058,58.72284]]]}},{"type":"Feature","properties":{"KnKod":"0482","KnNamn":"Flen"},"geometry":{"type":"Polygon","coordinates":[[[16.41685,58.92785],[16.47883,58.93834],[16.5225,58.95906],[16.48187,58.97799],[16.5421,59.0085],[16.54431,59.04459],[16.50132,59.05463],[16.50695,59.09048],[16.4429,59.11453],[16.44201,59.20816],[16.54531,59.21298],[16.64921,59.23339],[16.73027,59.23347],[16.7548,59.24634],[16.82543,59.25129],[16.84203,59.22965],[16.92712,59.21847],[16.86945,59.16075],[16.89472,59.14998],[16.87724,59.12396],[16.98315,59.06056],[16.85439,59.01133],[16.8565,58.95318],[16.80638,58.962],[16.72821,58.94368],[16.74481,58.91358],[16.71457,58.90473],[16.65762,58.91394],[16.6336,58.88836],[16.54199,58.88472],[16.41685,58.92785]]]}},{"type":"Feature","properties":{"KnKod":"0483","KnNamn":"Katrineholm"},"geometry":{"type":"Polygon","coordinates":[[[16.41685,58.92785],[16.54199,58.88472],[16.58271,58.81201],[16.45214,58.77707],[16.38122,58.78526],[16.36301,58.80998],[16.25292,58.82905],[16.22659,58.84943],[16.16703,58.85739],[16.09889,58.89722],[16.05379,58.94164],[15.95815,58.96497],[16.08131,59.02682],[16.13561,59.03433],[16.04332,59.11602],[16.00089,59.15843],[15.88561,59.17078],[15.89294,59.20654],[16.00334,59.22703],[16.07123,59.24101],[16.15413,59.21058],[16.19642,59.16814],[16.31113,59.17724],[16.37503,59.20761],[16.44201,59.20816],[16.4429,59.11453],[16.50695,59.09048],[16.50132,59.05463],[16.54431,59.04459],[16.5421,59.0085],[16.48187,58.97799],[16.5225,58.95906],[16.47883,58.93834],[16.41685,58.92785]]]}},{"type":"Feature","properties":{"KnKod":"0484","KnNamn":"Eskilstuna"},"geometry":{"type":"Polygon","coordinates":[[[16.60664,59.44993],[16.70414,59.4655],[16.81225,59.39656],[16.82543,59.25129],[16.7548,59.24634],[16.73027,59.23347],[16.64921,59.23339],[16.54531,59.21298],[16.44201,59.20816],[16.37503,59.20761],[16.31113,59.17724],[16.19642,59.16814],[16.15413,59.21058],[16.07123,59.24101],[16.18067,59.24695],[16.26227,59.2636],[16.2985,59.29573],[16.25682,59.29833],[16.06575,59.26668],[15.99494,59.29451],[15.85441,59.29967],[15.92616,59.34267],[15.99761,59.3746],[16.05184,59.36404],[16.1353,59.35711],[16.2594,59.37114],[16.27257,59.3957],[16.22405,59.41504],[16.23084,59.44271],[16.41861,59.44931],[16.51689,59.45934],[16.60664,59.44993]]]}},{"type":"Feature","properties":{"KnKod":"0486","KnNamn":"Strängnäs"},"geometry":{"type":"Polygon","coordinates":[[[16.96923,59.48803],[17.01512,59.49943],[17.07336,59.47729],[17.04217,59.44131],[17.07819,59.3771],[17.15343,59.37916],[17.12009,59.43957],[17.14742,59.46127],[17.28139,59.44283],[17.32437,59.39257],[17.2726,59.3599],[17.30348,59.35592],[17.31252,59.3244],[17.25734,59.30469],[17.28475,59.26796],[17.24034,59.24219],[17.25416,59.19043],[17.1979,59.19076],[17.17565,59.21226],[16.92712,59.21847],[16.84203,59.22965],[16.82543,59.25129],[16.81225,59.39656],[16.70414,59.4655],[16.78557,59.46772],[16.83885,59.4805],[16.95267,59.45287],[16.96923,59.48803]]]}},{"type":"Feature","properties":{"KnKod":"0488","KnNamn":"Trosa"},"geometry":{"type":"Polygon","coordinates":[[[17.39167,58.88444],[17.38768,58.92942],[17.40376,58.95271],[17.36402,58.99215],[17.52157,58.99166],[17.52531,58.9678],[17.60014,58.9478],[17.61895,58.90485],[17.56839,58.87806],[17.59096,58.8502],[17.55742,58.83942],[17.49291,58.86782],[17.47483,58.80474],[17.50101,58.78809],[17.44998,58.78566],[17.43065,58.78795],[17.41699,58.81571],[17.36656,58.82753],[17.36389,58.86844],[17.39167,58.88444]]]}},{"type":"Feature","properties":{"KnKod":"0509","KnNamn":"Ödeshög"},"geometry":{"type":"Polygon","coordinates":[[[14.86824,58.17799],[14.93369,58.13112],[14.89472,58.08986],[14.75559,58.07378],[14.74814,58.10487],[14.60413,58.09249],[14.53765,58.10614],[14.59076,58.20514],[14.61409,58.27256],[14.63892,58.29476],[14.62584,58.3153],[14.64626,58.34976],[14.68154,58.33772],[14.7942,58.35353],[14.84357,58.34368],[14.84365,58.29311],[14.87201,58.25306],[14.85822,58.21285],[14.86824,58.17799]]]}},{"type":"Feature","properties":{"KnKod":"0512","KnNamn":"Ydre"},"geometry":{"type":"Polygon","coordinates":[[[15.00458,57.89598],[14.98311,57.9345],[15.01432,57.97676],[15.04962,58.00011],[15.02565,58.03216],[15.139,58.02226],[15.23813,58.00947],[15.28572,57.97784],[15.36314,57.97521],[15.41442,57.96139],[15.40392,57.89691],[15.44813,57.89794],[15.46649,57.87336],[15.51285,57.86883],[15.53646,57.79629],[15.51661,57.7619],[15.45706,57.76722],[15.42914,57.74716],[15.41585,57.70091],[15.28439,57.71577],[15.14135,57.70765],[15.10026,57.75875],[15.06458,57.8258],[15.07638,57.85044],[15.00458,57.89598]]]}},{"type":"Feature","properties":{"KnKod":"0513","KnNamn":"Kinda"},"geometry":{"type":"Polygon","coordinates":[[[15.96443,58.1255],[16.01569,58.11144],[15.99882,58.08775],[15.98441,58.03557],[16.06485,57.97259],[16.01972,57.95371],[16.06676,57.86476],[16.01863,57.86147],[15.91963,57.81338],[15.86665,57.83296],[15.79473,57.81387],[15.77823,57.84564],[15.67093,57.86482],[15.5806,57.85395],[15.591,57.82439],[15.53646,57.79629],[15.51285,57.86883],[15.46649,57.87336],[15.44813,57.89794],[15.40392,57.89691],[15.41442,57.96139],[15.36314,57.97521],[15.35085,58.04462],[15.37452,58.07038],[15.42957,58.09432],[15.45709,58.08006],[15.50583,58.10072],[15.50161,58.12809],[15.53975,58.16203],[15.54207,58.20349],[15.60707,58.1888],[15.64726,58.17013],[15.70498,58.19924],[15.80475,58.21251],[15.84552,58.20159],[15.87894,58.16878],[15.94374,58.15392],[15.96443,58.1255]]]}},{"type":"Feature","properties":{"KnKod":"0560","KnNamn":"Boxholm"},"geometry":{"type":"Polygon","coordinates":[[[14.86824,58.17799],[14.85822,58.21285],[14.87201,58.25306],[14.90162,58.27556],[14.95415,58.28178],[14.9841,58.29462],[15.01948,58.28366],[15.05813,58.28878],[15.2098,58.24604],[15.23514,58.17232],[15.23023,58.1491],[15.26759,58.13795],[15.27649,58.11033],[15.33701,58.10688],[15.3227,58.08781],[15.37452,58.07038],[15.35085,58.04462],[15.36314,57.97521],[15.28572,57.97784],[15.23813,58.00947],[15.139,58.02226],[15.02565,58.03216],[14.98198,58.11766],[14.93369,58.13112],[14.86824,58.17799]]]}},{"type":"Feature","properties":{"KnKod":"0561","KnNamn":"Åtvidaberg"},"geometry":{"type":"Polygon","coordinates":[[[15.96443,58.1255],[15.94374,58.15392],[15.87894,58.16878],[15.84552,58.20159],[15.80475,58.21251],[15.81918,58.23576],[15.81642,58.26851],[15.77917,58.28523],[15.79203,58.31159],[15.88556,58.3457],[15.94519,58.33662],[16.04736,58.37733],[16.07614,58.33933],[16.12641,58.34884],[16.19436,58.31738],[16.23278,58.32035],[16.27997,58.30285],[16.29365,58.26032],[16.43241,58.22593],[16.42232,58.18494],[16.37643,58.17888],[16.37198,58.1514],[16.29372,58.13356],[16.25184,58.15799],[16.17903,58.12464],[16.15127,58.10831],[16.1755,58.06693],[16.1168,58.06342],[16.09208,58.08853],[15.99882,58.08775],[16.01569,58.11144],[15.96443,58.1255]]]}},{"type":"Feature","properties":{"KnKod":"0562","KnNamn":"Finspång"},"geometry":{"type":"Polygon","coordinates":[[[15.64927,58.66743],[15.608,58.61739],[15.5844,58.64048],[15.53108,58.61825],[15.51618,58.64443],[15.47922,58.64415],[15.46565,58.68169],[15.48334,58.74577],[15.44806,58.75864],[15.40809,58.81334],[15.4194,58.83092],[15.43995,58.87682],[15.52352,58.87564],[15.56639,58.91117],[15.53067,58.94461],[15.63234,59.0032],[15.74179,58.98033],[15.79383,59.03876],[15.84306,59.02498],[15.8613,58.99856],[15.95815,58.96497],[16.05379,58.94164],[16.09889,58.89722],[16.16703,58.85739],[16.07528,58.8281],[16.06286,58.79085],[15.99876,58.75499],[15.97751,58.70924],[15.98653,58.68878],[15.95459,58.67083],[15.91897,58.62234],[15.84606,58.63581],[15.74444,58.65999],[15.64927,58.66743]]]}},{"type":"Feature","properties":{"KnKod":"0563","KnNamn":"Valdemarsvik"},"geometry":{"type":"Polygon","coordinates":[[[16.23686,58.37985],[16.24793,58.39725],[16.44944,58.36427],[16.48795,58.36718],[16.55043,58.32863],[16.60263,58.31789],[16.68099,58.26612],[16.76606,58.23255],[16.8199,58.18898],[16.769,58.1236],[16.6791,58.14605],[16.69158,58.11439],[16.7726,58.07079],[16.70932,58.04975],[16.74882,58.00415],[16.6889,57.98229],[16.61246,57.98928],[16.56164,58.0996],[16.501,58.11632],[16.46917,58.08403],[16.37198,58.1514],[16.37643,58.17888],[16.42232,58.18494],[16.43241,58.22593],[16.29365,58.26032],[16.27997,58.30285],[16.23278,58.32035],[16.27009,58.34694],[16.23686,58.37985]]]}},{"type":"Feature","properties":{"KnKod":"0580","KnNamn":"Linköping"},"geometry":{"type":"Polygon","coordinates":[[[15.81642,58.26851],[15.81918,58.23576],[15.80475,58.21251],[15.70498,58.19924],[15.64726,58.17013],[15.60707,58.1888],[15.54207,58.20349],[15.53975,58.16203],[15.50161,58.12809],[15.50583,58.10072],[15.45709,58.08006],[15.42957,58.09432],[15.37452,58.07038],[15.3227,58.08781],[15.33701,58.10688],[15.27649,58.11033],[15.26759,58.13795],[15.36428,58.1704],[15.34748,58.25091],[15.33016,58.31337],[15.35663,58.34079],[15.31455,58.35222],[15.33318,58.39093],[15.25373,58.40445],[15.28738,58.43329],[15.36298,58.46518],[15.34991,58.62681],[15.38079,58.6576],[15.43451,58.63466],[15.47922,58.64415],[15.51618,58.64443],[15.53108,58.61825],[15.5844,58.64048],[15.608,58.61739],[15.68114,58.56426],[15.74322,58.56418],[15.75247,58.52927],[15.91056,58.51247],[15.9005,58.48412],[15.96463,58.46391],[15.93843,58.44018],[15.99962,58.4177],[16.02874,58.40022],[16.04736,58.37733],[15.94519,58.33662],[15.88556,58.3457],[15.79203,58.31159],[15.77917,58.28523],[15.81642,58.26851]]]}},{"type":"Feature","properties":{"KnKod":"0581","KnNamn":"Norrköping"},"geometry":{"type":"Polygon","coordinates":[[[15.64927,58.66743],[15.74444,58.65999],[15.84606,58.63581],[15.91897,58.62234],[15.95459,58.67083],[15.98653,58.68878],[15.97751,58.70924],[15.99876,58.75499],[16.06286,58.79085],[16.07528,58.8281],[16.16703,58.85739],[16.22659,58.84943],[16.25292,58.82905],[16.36946,58.70997],[16.54529,58.70577],[16.68784,58.68001],[16.74836,58.63245],[16.68323,58.63502],[16.57857,58.64561],[16.44453,58.66346],[16.37546,58.6643],[16.27359,58.67264],[16.23429,58.65342],[16.23284,58.61911],[16.26559,58.61159],[16.34575,58.62818],[16.39953,58.59393],[16.42128,58.63962],[16.572,58.63336],[16.71197,58.59866],[16.82756,58.55096],[16.90309,58.50953],[16.82831,58.4476],[16.71988,58.42778],[16.61248,58.43863],[16.56492,58.44119],[16.39978,58.48344],[16.31882,58.49048],[16.30248,58.52231],[16.13516,58.52932],[16.06509,58.51017],[16.07188,58.46631],[16.02823,58.45635],[15.99962,58.4177],[15.93843,58.44018],[15.96463,58.46391],[15.9005,58.48412],[15.91056,58.51247],[15.75247,58.52927],[15.74322,58.56418],[15.68114,58.56426],[15.608,58.61739],[15.64927,58.66743]]]}},{"type":"Feature","properties":{"KnKod":"0582","KnNamn":"Söderköping"},"geometry":{"type":"Polygon","coordinates":[[[16.80959,58.36187],[16.88369,58.32958],[16.84761,58.28314],[16.68099,58.26612],[16.60263,58.31789],[16.55043,58.32863],[16.48795,58.36718],[16.44944,58.36427],[16.24793,58.39725],[16.23686,58.37985],[16.27009,58.34694],[16.23278,58.32035],[16.19436,58.31738],[16.12641,58.34884],[16.07614,58.33933],[16.02874,58.40022],[15.99962,58.4177],[16.02823,58.45635],[16.07188,58.46631],[16.06509,58.51017],[16.13516,58.52932],[16.30248,58.52231],[16.31882,58.49048],[16.39978,58.48344],[16.56492,58.44119],[16.59647,58.41614],[16.68893,58.40089],[16.71456,58.36654],[16.80959,58.36187]]]}},{"type":"Feature","properties":{"KnKod":"0583","KnNamn":"Motala"},"geometry":{"type":"Polygon","coordinates":[[[15.08595,58.80428],[15.13441,58.83599],[15.18691,58.83674],[15.2474,58.875],[15.33919,58.84723],[15.38733,58.8599],[15.4194,58.83092],[15.40809,58.81334],[15.44806,58.75864],[15.48334,58.74577],[15.46565,58.68169],[15.47922,58.64415],[15.43451,58.63466],[15.38079,58.6576],[15.34991,58.62681],[15.36298,58.46518],[15.28738,58.43329],[15.2327,58.43455],[15.24632,58.45006],[15.1169,58.45542],[15.10259,58.43633],[15.06828,58.4364],[14.99109,58.41169],[14.97927,58.44603],[14.98659,58.49086],[14.96147,58.51807],[15.02414,58.53818],[14.98964,58.55449],[14.92905,58.56135],[14.85916,58.59034],[14.92668,58.63374],[14.93958,58.69906],[15.0283,58.7278],[15.04984,58.76463],[15.08595,58.80428]]]}},{"type":"Feature","properties":{"KnKod":"0584","KnNamn":"Vadstena"},"geometry":{"type":"Polygon","coordinates":[[[14.97927,58.44603],[14.99109,58.41169],[14.95642,58.40993],[14.96448,58.38241],[14.90792,58.34026],[14.84357,58.34368],[14.7942,58.35353],[14.68154,58.33772],[14.64626,58.34976],[14.65982,58.38399],[14.77262,58.43412],[14.77568,58.46648],[14.81898,58.47685],[14.86222,58.45289],[14.92363,58.46769],[14.96147,58.51807],[14.98659,58.49086],[14.97927,58.44603]]]}},{"type":"Feature","properties":{"KnKod":"0586","KnNamn":"Mjölby"},"geometry":{"type":"Polygon","coordinates":[[[15.2098,58.24604],[15.05813,58.28878],[15.01948,58.28366],[14.9841,58.29462],[14.95415,58.28178],[14.90162,58.27556],[14.87201,58.25306],[14.84365,58.29311],[14.84357,58.34368],[14.90792,58.34026],[14.96448,58.38241],[14.95642,58.40993],[14.99109,58.41169],[15.06828,58.4364],[15.10259,58.43633],[15.1169,58.45542],[15.24632,58.45006],[15.2327,58.43455],[15.28738,58.43329],[15.25373,58.40445],[15.33318,58.39093],[15.31455,58.35222],[15.35663,58.34079],[15.33016,58.31337],[15.34748,58.25091],[15.36428,58.1704],[15.26759,58.13795],[15.23023,58.1491],[15.23514,58.17232],[15.2098,58.24604]]]}},{"type":"Feature","properties":{"KnKod":"0604","KnNamn":"Aneby"},"geometry":{"type":"Polygon","coordinates":[[[14.96102,57.7532],[14.94378,57.81257],[14.88777,57.81923],[14.82977,57.79887],[14.8052,57.81103],[14.75039,57.80672],[14.71652,57.78865],[14.64288,57.76783],[14.60419,57.87038],[14.54366,57.87169],[14.49783,57.86139],[14.4795,57.90746],[14.50939,57.94025],[14.57681,57.95666],[14.58404,57.99421],[14.62367,58.00059],[14.65714,57.98682],[14.64152,57.95873],[14.74946,57.95669],[14.7738,57.94276],[14.8544,57.95653],[14.93406,57.94861],[14.98311,57.9345],[15.00458,57.89598],[15.07638,57.85044],[15.06458,57.8258],[15.10026,57.75875],[15.01482,57.74723],[14.96102,57.7532]]]}},{"type":"Feature","properties":{"KnKod":"0617","KnNamn":"Gnosjö"},"geometry":{"type":"Polygon","coordinates":[[[13.67505,57.31628],[13.67345,57.34701],[13.62814,57.35446],[13.57564,57.3586],[13.6314,57.43547],[13.67366,57.46964],[13.7158,57.46233],[13.75579,57.48216],[13.80334,57.46735],[13.83556,57.4803],[13.89853,57.47135],[13.89986,57.44664],[13.88085,57.41325],[13.92551,57.38228],[13.96811,57.37847],[14.01564,57.34553],[14.00377,57.31542],[14.0591,57.30253],[14.02751,57.28],[13.98069,57.25878],[13.91582,57.26728],[13.8985,57.28252],[13.84309,57.26888],[13.84216,57.24366],[13.71454,57.24714],[13.71499,57.27658],[13.67505,57.31628]]]}},{"type":"Feature","properties":{"KnKod":"0642","KnNamn":"Mullsjö"},"geometry":{"type":"Polygon","coordinates":[[[13.85217,57.89608],[13.85372,57.86925],[13.82891,57.83596],[13.74145,57.84354],[13.74919,57.88287],[13.70887,57.93757],[13.70845,57.98208],[13.75785,58.01414],[13.77634,58.04998],[13.79845,58.05379],[13.84675,58.03897],[13.87583,58.05028],[13.95097,58.03419],[13.96017,58.00941],[13.93008,58.00505],[13.89846,57.96862],[13.91776,57.92423],[13.90249,57.89707],[13.85217,57.89608]]]}},{"type":"Feature","properties":{"KnKod":"0643","KnNamn":"Habo"},"geometry":{"type":"Polygon","coordinates":[[[13.85372,57.86925],[13.85217,57.89608],[13.90249,57.89707],[13.91776,57.92423],[13.89846,57.96862],[13.93008,58.00505],[13.96017,58.00941],[14.0686,58.02868],[14.07178,58.04657],[14.11422,58.07524],[14.11324,58.15166],[14.21303,58.14569],[14.19398,58.066],[14.15783,57.99736],[14.11689,57.95782],[14.11412,57.88577],[14.0802,57.86573],[14.04132,57.8748],[13.99801,57.8588],[14.00323,57.81164],[13.96681,57.81516],[13.91983,57.85523],[13.85372,57.86925]]]}},{"type":"Feature","properties":{"KnKod":"0662","KnNamn":"Gislaved"},"geometry":{"type":"Polygon","coordinates":[[[13.26949,57.096],[13.22823,57.10676],[13.22034,57.07644],[13.13123,57.03148],[13.09018,57.09564],[13.08603,57.12705],[13.13331,57.14914],[13.18048,57.18444],[13.19789,57.23419],[13.22774,57.25637],[13.27273,57.24728],[13.29351,57.30349],[13.36918,57.3135],[13.38545,57.33264],[13.42973,57.33974],[13.43009,57.36317],[13.48606,57.38058],[13.50829,57.41567],[13.62108,57.51528],[13.66741,57.53304],[13.68209,57.56124],[13.74813,57.57629],[13.78978,57.56538],[13.82579,57.60701],[13.86071,57.58917],[13.88938,57.58062],[13.87816,57.55408],[13.9061,57.52212],[13.89853,57.47135],[13.83556,57.4803],[13.80334,57.46735],[13.75579,57.48216],[13.7158,57.46233],[13.67366,57.46964],[13.6314,57.43547],[13.57564,57.3586],[13.62814,57.35446],[13.67345,57.34701],[13.67505,57.31628],[13.71499,57.27658],[13.71454,57.24714],[13.68096,57.25108],[13.68144,57.19334],[13.65134,57.17126],[13.67468,57.15216],[13.71881,57.15917],[13.74151,57.13649],[13.72099,57.11218],[13.74676,57.0683],[13.70474,57.0534],[13.68498,56.98636],[13.62019,56.99953],[13.59238,57.03144],[13.60826,57.0686],[13.52682,57.09568],[13.49647,57.09161],[13.4849,57.12277],[13.45969,57.10946],[13.35858,57.11744],[13.26949,57.096]]]}},{"type":"Feature","properties":{"KnKod":"0665","KnNamn":"Vaggeryd"},"geometry":{"type":"Polygon","coordinates":[[[14.07235,57.63153],[14.12234,57.61107],[14.15799,57.64183],[14.22309,57.64948],[14.20593,57.62867],[14.24015,57.55839],[14.32886,57.54044],[14.30497,57.53271],[14.4299,57.52574],[14.45721,57.49332],[14.36061,57.46754],[14.37038,57.38159],[14.32343,57.37373],[14.2737,57.35637],[14.27576,57.33099],[14.24884,57.31067],[14.21153,57.32517],[14.12896,57.30937],[14.10058,57.31797],[14.0591,57.30253],[14.00377,57.31542],[14.01564,57.34553],[13.96811,57.37847],[13.92551,57.38228],[13.88085,57.41325],[13.89986,57.44664],[13.89853,57.47135],[13.9061,57.52212],[13.87816,57.55408],[13.88938,57.58062],[13.86071,57.58917],[13.82579,57.60701],[13.86712,57.62676],[13.92633,57.6204],[13.98302,57.65742],[14.02489,57.62838],[14.07235,57.63153]]]}},{"type":"Feature","properties":{"KnKod":"0680","KnNamn":"Jönköping"},"geometry":{"type":"Polygon","coordinates":[[[14.07235,57.63153],[14.02489,57.62838],[13.98302,57.65742],[13.92633,57.6204],[13.86712,57.62676],[13.82579,57.60701],[13.78978,57.56538],[13.74813,57.57629],[13.68209,57.56124],[13.67289,57.60674],[13.67643,57.62823],[13.72205,57.6406],[13.7368,57.6688],[13.70745,57.70739],[13.71093,57.7349],[13.74269,57.76412],[13.74145,57.84354],[13.82891,57.83596],[13.85372,57.86925],[13.91983,57.85523],[13.96681,57.81516],[14.00323,57.81164],[13.99801,57.8588],[14.04132,57.8748],[14.0802,57.86573],[14.11412,57.88577],[14.14202,57.8718],[14.15835,57.83131],[14.15094,57.79015],[14.17939,57.77976],[14.20867,57.79277],[14.25972,57.79569],[14.26682,57.85309],[14.28571,57.90091],[14.3522,57.96802],[14.45014,58.00283],[14.46833,58.04525],[14.53765,58.10614],[14.60413,58.09249],[14.62367,58.00059],[14.58404,57.99421],[14.57681,57.95666],[14.50939,57.94025],[14.4795,57.90746],[14.49783,57.86139],[14.54366,57.87169],[14.60419,57.87038],[14.64288,57.76783],[14.5965,57.74256],[14.51688,57.74847],[14.44919,57.72846],[14.42252,57.67564],[14.39093,57.66822],[14.36471,57.63523],[14.378,57.61651],[14.33753,57.59688],[14.32886,57.54044],[14.24015,57.55839],[14.20593,57.62867],[14.22309,57.64948],[14.15799,57.64183],[14.12234,57.61107],[14.07235,57.63153]]]}},{"type":"Feature","properties":{"KnKod":"0682","KnNamn":"Nässjö"},"geometry":{"type":"Polygon","coordinates":[[[14.32886,57.54044],[14.33753,57.59688],[14.378,57.61651],[14.36471,57.63523],[14.39093,57.66822],[14.42252,57.67564],[14.44919,57.72846],[14.51688,57.74847],[14.5965,57.74256],[14.64288,57.76783],[14.71652,57.78865],[14.75039,57.80672],[14.8052,57.81103],[14.82977,57.79887],[14.88777,57.81923],[14.94378,57.81257],[14.96102,57.7532],[14.89658,57.72842],[14.9163,57.70928],[14.83142,57.65425],[14.79606,57.611],[14.85145,57.59717],[14.84222,57.55612],[14.83638,57.50946],[14.84514,57.46924],[14.82221,57.40906],[14.75469,57.41632],[14.7138,57.46367],[14.64472,57.46913],[14.61121,57.45102],[14.56858,57.45506],[14.51912,57.49375],[14.45721,57.49332],[14.4299,57.52574],[14.30497,57.53271],[14.32886,57.54044]]]}},{"type":"Feature","properties":{"KnKod":"0683","KnNamn":"Värnamo"},"geometry":{"type":"Polygon","coordinates":[[[14.29201,56.88247],[14.24725,56.89557],[14.204,56.94828],[14.19497,56.99026],[14.13485,57.04196],[14.11334,57.0322],[14.07426,57.05397],[14.01988,57.06382],[13.93173,57.05001],[13.92092,57.02525],[13.86203,57.00821],[13.8187,57.06436],[13.74676,57.0683],[13.72099,57.11218],[13.74151,57.13649],[13.71881,57.15917],[13.67468,57.15216],[13.65134,57.17126],[13.68144,57.19334],[13.68096,57.25108],[13.71454,57.24714],[13.84216,57.24366],[13.84309,57.26888],[13.8985,57.28252],[13.91582,57.26728],[13.98069,57.25878],[14.02751,57.28],[14.0591,57.30253],[14.10058,57.31797],[14.12896,57.30937],[14.21153,57.32517],[14.24884,57.31067],[14.27576,57.33099],[14.2737,57.35637],[14.32343,57.37373],[14.37038,57.38159],[14.39306,57.3359],[14.43059,57.28705],[14.41247,57.20672],[14.37341,57.19247],[14.38752,57.15503],[14.33999,57.15445],[14.33981,57.06239],[14.32021,57.04533],[14.33041,57.01051],[14.39217,56.96943],[14.33975,56.8981],[14.29201,56.88247]]]}},{"type":"Feature","properties":{"KnKod":"0684","KnNamn":"Sävsjö"},"geometry":{"type":"Polygon","coordinates":[[[14.67229,57.213],[14.6082,57.20736],[14.59237,57.19376],[14.55333,57.19762],[14.544,57.1656],[14.48733,57.15771],[14.38752,57.15503],[14.37341,57.19247],[14.41247,57.20672],[14.43059,57.28705],[14.39306,57.3359],[14.37038,57.38159],[14.36061,57.46754],[14.45721,57.49332],[14.51912,57.49375],[14.56858,57.45506],[14.61121,57.45102],[14.64472,57.46913],[14.7138,57.46367],[14.75469,57.41632],[14.82221,57.40906],[14.80886,57.26706],[14.78766,57.23207],[14.72894,57.23164],[14.67229,57.213]]]}},{"type":"Feature","properties":{"KnKod":"0685","KnNamn":"Vetlanda"},"geometry":{"type":"Polygon","coordinates":[[[15.21826,57.52794],[15.30097,57.52318],[15.36298,57.49969],[15.40834,57.52414],[15.46572,57.52619],[15.51057,57.56332],[15.5782,57.55565],[15.62174,57.53495],[15.63569,57.50696],[15.60537,57.49071],[15.60224,57.44567],[15.5467,57.4671],[15.49879,57.44646],[15.50376,57.3919],[15.48966,57.37285],[15.50681,57.32842],[15.45984,57.31133],[15.46526,57.25856],[15.49907,57.24569],[15.52997,57.19996],[15.37674,57.23306],[15.21769,57.21884],[15.17176,57.23775],[15.11191,57.23756],[15.1546,57.20259],[15.08535,57.20472],[15.06776,57.18885],[15.02604,57.17374],[14.98492,57.16701],[14.96683,57.14271],[14.91009,57.14045],[14.89337,57.19015],[14.85163,57.21414],[14.78766,57.23207],[14.80886,57.26706],[14.82221,57.40906],[14.84514,57.46924],[14.83638,57.50946],[14.84222,57.55612],[14.85145,57.59717],[14.93255,57.58913],[14.95262,57.55551],[15.01815,57.54827],[15.0892,57.51899],[15.16899,57.5163],[15.21826,57.52794]]]}},{"type":"Feature","properties":{"KnKod":"0686","KnNamn":"Eksjö"},"geometry":{"type":"Polygon","coordinates":[[[14.96102,57.7532],[15.01482,57.74723],[15.10026,57.75875],[15.14135,57.70765],[15.28439,57.71577],[15.41585,57.70091],[15.44039,57.67417],[15.51269,57.66628],[15.65324,57.6072],[15.5782,57.55565],[15.51057,57.56332],[15.46572,57.52619],[15.40834,57.52414],[15.36298,57.49969],[15.30097,57.52318],[15.21826,57.52794],[15.16899,57.5163],[15.0892,57.51899],[15.01815,57.54827],[14.95262,57.55551],[14.93255,57.58913],[14.85145,57.59717],[14.79606,57.611],[14.83142,57.65425],[14.9163,57.70928],[14.89658,57.72842],[14.96102,57.7532]]]}},{"type":"Feature","properties":{"KnKod":"0687","KnNamn":"Tranås"},"geometry":{"type":"Polygon","coordinates":[[[14.74814,58.10487],[14.75559,58.07378],[14.89472,58.08986],[14.93369,58.13112],[14.98198,58.11766],[15.02565,58.03216],[15.04962,58.00011],[15.01432,57.97676],[14.98311,57.9345],[14.93406,57.94861],[14.8544,57.95653],[14.7738,57.94276],[14.74946,57.95669],[14.64152,57.95873],[14.65714,57.98682],[14.62367,58.00059],[14.60413,58.09249],[14.74814,58.10487]]]}},{"type":"Feature","properties":{"KnKod":"0760","KnNamn":"Uppvidinge"},"geometry":{"type":"Polygon","coordinates":[[[15.13936,56.93231],[15.17482,56.94473],[15.22375,56.97443],[15.22821,57.02841],[15.14914,57.04563],[15.11934,57.09433],[15.1324,57.12612],[15.06776,57.18885],[15.08535,57.20472],[15.1546,57.20259],[15.11191,57.23756],[15.17176,57.23775],[15.21769,57.21884],[15.37674,57.23306],[15.52997,57.19996],[15.55569,57.1844],[15.53568,57.15304],[15.62714,57.13121],[15.664,57.08734],[15.73652,57.07079],[15.79876,57.02287],[15.84144,56.97675],[15.80927,56.92086],[15.69273,56.91549],[15.65216,56.91077],[15.554,56.92945],[15.5119,56.91754],[15.51002,56.89835],[15.43894,56.88395],[15.41267,56.89999],[15.34028,56.88441],[15.32862,56.85979],[15.26981,56.87773],[15.27797,56.83747],[15.18497,56.83808],[15.13936,56.93231]]]}},{"type":"Feature","properties":{"KnKod":"0761","KnNamn":"Lessebo"},"geometry":{"type":"Polygon","coordinates":[[[15.13052,56.70926],[15.0713,56.77354],[15.08419,56.8216],[15.18497,56.83808],[15.27797,56.83747],[15.26981,56.87773],[15.32862,56.85979],[15.34028,56.88441],[15.41267,56.89999],[15.43894,56.88395],[15.51002,56.89835],[15.55165,56.83612],[15.54075,56.80544],[15.43719,56.79724],[15.35776,56.77849],[15.41999,56.71508],[15.40783,56.67241],[15.41879,56.64644],[15.36216,56.60461],[15.30813,56.63315],[15.33016,56.66078],[15.29357,56.67381],[15.23796,56.70602],[15.13052,56.70926]]]}},{"type":"Feature","properties":{"KnKod":"0763","KnNamn":"Tingsryd"},"geometry":{"type":"Polygon","coordinates":[[[15.01901,56.46021],[14.96588,56.43794],[14.92059,56.38328],[14.87997,56.3633],[14.80246,56.38209],[14.71002,56.39082],[14.66863,56.40091],[14.5969,56.45177],[14.62415,56.48764],[14.58849,56.50581],[14.58706,56.54502],[14.66265,56.55419],[14.62905,56.65356],[14.67734,56.67863],[14.75995,56.6374],[14.83636,56.64402],[14.85574,56.69353],[14.94733,56.71009],[15.02808,56.65489],[15.04613,56.61411],[15.09097,56.62599],[15.07828,56.6936],[15.13052,56.70926],[15.23796,56.70602],[15.29357,56.67381],[15.33016,56.66078],[15.30813,56.63315],[15.36216,56.60461],[15.37121,56.55886],[15.34211,56.54433],[15.33574,56.48684],[15.29595,56.4621],[15.25134,56.48283],[15.20234,56.46583],[15.19373,56.43922],[15.13514,56.43903],[15.12657,56.46123],[15.01901,56.46021]]]}},{"type":"Feature","properties":{"KnKod":"0764","KnNamn":"Alvesta"},"geometry":{"type":"Polygon","coordinates":[[[14.64582,56.98682],[14.69394,56.96256],[14.6266,56.88489],[14.57301,56.8444],[14.59232,56.80725],[14.64205,56.81],[14.67326,56.76677],[14.67734,56.67863],[14.62905,56.65356],[14.66265,56.55419],[14.58706,56.54502],[14.54556,56.57314],[14.4329,56.5809],[14.43879,56.64921],[14.40806,56.65984],[14.39415,56.72737],[14.29246,56.75667],[14.28571,56.77989],[14.30382,56.80786],[14.29201,56.88247],[14.33975,56.8981],[14.39217,56.96943],[14.33041,57.01051],[14.32021,57.04533],[14.33981,57.06239],[14.33999,57.15445],[14.48733,57.15771],[14.49828,57.11561],[14.6216,57.08564],[14.64582,56.98682]]]}},{"type":"Feature","properties":{"KnKod":"0765","KnNamn":"Älmhult"},"geometry":{"type":"Polygon","coordinates":[[[13.75832,56.50071],[13.80817,56.50738],[13.79139,56.60981],[13.84796,56.61014],[13.92865,56.64416],[13.96566,56.63155],[14.06224,56.71887],[14.14166,56.66801],[14.26996,56.72834],[14.29246,56.75667],[14.39415,56.72737],[14.40806,56.65984],[14.43879,56.64921],[14.4329,56.5809],[14.54556,56.57314],[14.58706,56.54502],[14.58849,56.50581],[14.62415,56.48764],[14.5969,56.45177],[14.52439,56.45807],[14.41474,56.48072],[14.25297,56.50353],[14.23787,56.49166],[14.13338,56.50778],[14.10192,56.53281],[14.06258,56.53115],[14.05476,56.50447],[14.01611,56.46848],[13.92823,56.46735],[13.86988,56.44851],[13.78879,56.44876],[13.70508,56.42789],[13.71351,56.46494],[13.75365,56.47207],[13.75832,56.50071]]]}},{"type":"Feature","properties":{"KnKod":"0767","KnNamn":"Markaryd"},"geometry":{"type":"Polygon","coordinates":[[[13.40208,56.61372],[13.46997,56.63116],[13.49417,56.66074],[13.54473,56.67109],[13.59191,56.65994],[13.69821,56.65146],[13.755,56.67947],[13.76649,56.65008],[13.74238,56.62234],[13.79139,56.60981],[13.80817,56.50738],[13.75832,56.50071],[13.75365,56.47207],[13.71351,56.46494],[13.70508,56.42789],[13.57701,56.40932],[13.49719,56.40993],[13.45722,56.43096],[13.4714,56.45256],[13.4484,56.47163],[13.47444,56.51374],[13.44403,56.5692],[13.41715,56.58481],[13.40208,56.61372]]]}},{"type":"Feature","properties":{"KnKod":"0780","KnNamn":"Växjö"},"geometry":{"type":"Polygon","coordinates":[[[14.64582,56.98682],[14.6216,57.08564],[14.49828,57.11561],[14.48733,57.15771],[14.544,57.1656],[14.55333,57.19762],[14.59237,57.19376],[14.6082,57.20736],[14.67229,57.213],[14.72894,57.23164],[14.78766,57.23207],[14.85163,57.21414],[14.89337,57.19015],[14.91009,57.14045],[14.96683,57.14271],[14.98492,57.16701],[15.02604,57.17374],[15.06776,57.18885],[15.1324,57.12612],[15.11934,57.09433],[15.14914,57.04563],[15.22821,57.02841],[15.22375,56.97443],[15.17482,56.94473],[15.13936,56.93231],[15.18497,56.83808],[15.08419,56.8216],[15.0713,56.77354],[15.13052,56.70926],[15.07828,56.6936],[15.09097,56.62599],[15.04613,56.61411],[15.02808,56.65489],[14.94733,56.71009],[14.85574,56.69353],[14.83636,56.64402],[14.75995,56.6374],[14.67734,56.67863],[14.67326,56.76677],[14.64205,56.81],[14.59232,56.80725],[14.57301,56.8444],[14.6266,56.88489],[14.69394,56.96256],[14.64582,56.98682]]]}},{"type":"Feature","properties":{"KnKod":"0781","KnNamn":"Ljungby"},"geometry":{"type":"Polygon","coordinates":[[[13.40208,56.61372],[13.37372,56.66245],[13.32624,56.69336],[13.32206,56.77287],[13.29628,56.84729],[13.34038,56.87124],[13.37158,56.86087],[13.4694,56.87823],[13.48725,56.86662],[13.53359,56.8898],[13.61265,56.89166],[13.62206,56.90927],[13.66032,56.90211],[13.69306,56.96194],[13.68498,56.98636],[13.70474,57.0534],[13.74676,57.0683],[13.8187,57.06436],[13.86203,57.00821],[13.92092,57.02525],[13.93173,57.05001],[14.01988,57.06382],[14.07426,57.05397],[14.11334,57.0322],[14.13485,57.04196],[14.19497,56.99026],[14.204,56.94828],[14.24725,56.89557],[14.29201,56.88247],[14.30382,56.80786],[14.28571,56.77989],[14.29246,56.75667],[14.26996,56.72834],[14.14166,56.66801],[14.06224,56.71887],[13.96566,56.63155],[13.92865,56.64416],[13.84796,56.61014],[13.79139,56.60981],[13.74238,56.62234],[13.76649,56.65008],[13.755,56.67947],[13.69821,56.65146],[13.59191,56.65994],[13.54473,56.67109],[13.49417,56.66074],[13.46997,56.63116],[13.40208,56.61372]]]}},{"type":"Feature","properties":{"KnKod":"0821","KnNamn":"Högsby"},"geometry":{"type":"Polygon","coordinates":[[[15.89703,57.25557],[15.97207,57.249],[16.04583,57.26599],[16.06841,57.24824],[16.19102,57.26019],[16.15829,57.23395],[16.13463,57.11721],[16.27435,57.04823],[16.24926,56.99739],[16.19344,56.98479],[16.09006,56.99519],[16.06077,56.9826],[15.97222,57.05893],[15.93173,57.08504],[15.8697,57.08897],[15.73652,57.07079],[15.664,57.08734],[15.62714,57.13121],[15.53568,57.15304],[15.55569,57.1844],[15.52997,57.19996],[15.55024,57.2209],[15.60349,57.22129],[15.63266,57.24845],[15.7711,57.21279],[15.78805,57.24431],[15.89703,57.25557]]]}},{"type":"Feature","properties":{"KnKod":"0834","KnNamn":"Torsås"},"geometry":{"type":"Polygon","coordinates":[[[16.05206,56.32414],[15.98758,56.30666],[15.94595,56.32387],[15.85117,56.32095],[15.79422,56.3427],[15.73077,56.41007],[15.67737,56.41886],[15.65568,56.44434],[15.70888,56.47479],[15.7001,56.50972],[15.75909,56.53616],[15.81014,56.52085],[15.92432,56.52077],[15.99466,56.52888],[15.99994,56.50862],[16.11965,56.47056],[16.08392,56.40352],[16.05206,56.32414]]]}},{"type":"Feature","properties":{"KnKod":"0840","KnNamn":"Mörbylånga"},"geometry":{"type":"Polygon","coordinates":[[[16.5067,56.29147],[16.47375,56.23397],[16.40805,56.20229],[16.41686,56.25423],[16.39826,56.27181],[16.40598,56.43071],[16.38437,56.43582],[16.37875,56.53765],[16.38833,56.57866],[16.43912,56.62773],[16.45818,56.68077],[16.52095,56.76522],[16.58692,56.76609],[16.61905,56.74935],[16.60057,56.6999],[16.63543,56.68116],[16.66792,56.69336],[16.70254,56.67823],[16.68376,56.62337],[16.69147,56.60108],[16.63866,56.57218],[16.63076,56.52561],[16.59976,56.46437],[16.55732,56.40934],[16.57212,56.37569],[16.5067,56.29147]]]}},{"type":"Feature","properties":{"KnKod":"0860","KnNamn":"Hultsfred"},"geometry":{"type":"Polygon","coordinates":[[[16.18393,57.51597],[16.20571,57.48497],[16.11282,57.41194],[16.06135,57.43516],[15.97772,57.43507],[15.98231,57.41125],[16.02557,57.39582],[16.05234,57.36696],[16.061,57.30303],[16.04583,57.26599],[15.97207,57.249],[15.89703,57.25557],[15.78805,57.24431],[15.7711,57.21279],[15.63266,57.24845],[15.60349,57.22129],[15.55024,57.2209],[15.52997,57.19996],[15.49907,57.24569],[15.46526,57.25856],[15.45984,57.31133],[15.50681,57.32842],[15.48966,57.37285],[15.50376,57.3919],[15.49879,57.44646],[15.5467,57.4671],[15.60224,57.44567],[15.60537,57.49071],[15.63569,57.50696],[15.62174,57.53495],[15.5782,57.55565],[15.65324,57.6072],[15.75389,57.58659],[15.78644,57.55201],[15.83155,57.54379],[15.85451,57.57132],[15.98349,57.59218],[16.04849,57.53918],[16.11335,57.52958],[16.13479,57.50647],[16.18393,57.51597]]]}},{"type":"Feature","properties":{"KnKod":"0861","KnNamn":"Mönsterås"},"geometry":{"type":"Polygon","coordinates":[[[16.40475,57.17898],[16.4423,57.12753],[16.49777,57.13281],[16.58099,57.11081],[16.49075,57.03908],[16.45475,56.98537],[16.46081,56.94147],[16.4359,56.88761],[16.36735,56.89529],[16.23394,56.93623],[16.19344,56.98479],[16.24926,56.99739],[16.27435,57.04823],[16.13463,57.11721],[16.15829,57.23395],[16.20361,57.22858],[16.33201,57.25088],[16.37038,57.23019],[16.35051,57.20254],[16.40475,57.17898]]]}},{"type":"Feature","properties":{"KnKod":"0862","KnNamn":"Emmaboda"},"geometry":{"type":"Polygon","coordinates":[[[15.69069,56.79981],[15.71675,56.78372],[15.67371,56.72127],[15.63028,56.70225],[15.62779,56.67526],[15.66942,56.67087],[15.67595,56.62523],[15.76698,56.60262],[15.76061,56.57829],[15.74065,56.56146],[15.75909,56.53616],[15.7001,56.50972],[15.70888,56.47479],[15.65568,56.44434],[15.63948,56.47009],[15.5905,56.46952],[15.56438,56.50008],[15.49263,56.51534],[15.48135,56.48226],[15.39805,56.49939],[15.33574,56.48684],[15.34211,56.54433],[15.37121,56.55886],[15.36216,56.60461],[15.41879,56.64644],[15.40783,56.67241],[15.41999,56.71508],[15.35776,56.77849],[15.43719,56.79724],[15.54075,56.80544],[15.55165,56.83612],[15.64092,56.82823],[15.65747,56.79825],[15.69069,56.79981]]]}},{"type":"Feature","properties":{"KnKod":"0880","KnNamn":"Kalmar"},"geometry":{"type":"Polygon","coordinates":[[[15.92432,56.52077],[15.81014,56.52085],[15.75909,56.53616],[15.74065,56.56146],[15.76061,56.57829],[15.76698,56.60262],[15.88204,56.61038],[15.93467,56.65586],[15.89498,56.68375],[15.95026,56.69649],[16.0593,56.6713],[16.0698,56.71769],[16.02894,56.74027],[16.12358,56.75217],[16.10823,56.80027],[16.10909,56.84728],[16.1472,56.84116],[16.17569,56.87912],[16.1721,56.90652],[16.23394,56.93623],[16.36735,56.89529],[16.4359,56.88761],[16.4067,56.79661],[16.44245,56.80866],[16.46935,56.78327],[16.43837,56.76365],[16.39688,56.7828],[16.35362,56.68247],[16.2793,56.673],[16.23552,56.62523],[16.22209,56.59534],[16.22434,56.5481],[16.1865,56.53977],[16.16308,56.49424],[16.11965,56.47056],[15.99994,56.50862],[15.99466,56.52888],[15.92432,56.52077]]]}},{"type":"Feature","properties":{"KnKod":"0881","KnNamn":"Nybro"},"geometry":{"type":"Polygon","coordinates":[[[15.69069,56.79981],[15.65747,56.79825],[15.64092,56.82823],[15.55165,56.83612],[15.51002,56.89835],[15.5119,56.91754],[15.554,56.92945],[15.65216,56.91077],[15.69273,56.91549],[15.80927,56.92086],[15.84144,56.97675],[15.79876,57.02287],[15.73652,57.07079],[15.8697,57.08897],[15.93173,57.08504],[15.97222,57.05893],[16.06077,56.9826],[16.09006,56.99519],[16.19344,56.98479],[16.23394,56.93623],[16.1721,56.90652],[16.17569,56.87912],[16.1472,56.84116],[16.10909,56.84728],[16.10823,56.80027],[16.12358,56.75217],[16.02894,56.74027],[16.0698,56.71769],[16.0593,56.6713],[15.95026,56.69649],[15.89498,56.68375],[15.93467,56.65586],[15.88204,56.61038],[15.76698,56.60262],[15.67595,56.62523],[15.66942,56.67087],[15.62779,56.67526],[15.63028,56.70225],[15.67371,56.72127],[15.71675,56.78372],[15.69069,56.79981]]]}},{"type":"Feature","properties":{"KnKod":"0882","KnNamn":"Oskarshamn"},"geometry":{"type":"Polygon","coordinates":[[[16.40475,57.17898],[16.35051,57.20254],[16.37038,57.23019],[16.33201,57.25088],[16.20361,57.22858],[16.15829,57.23395],[16.19102,57.26019],[16.06841,57.24824],[16.04583,57.26599],[16.061,57.30303],[16.05234,57.36696],[16.02557,57.39582],[15.98231,57.41125],[15.97772,57.43507],[16.06135,57.43516],[16.11282,57.41194],[16.20571,57.48497],[16.2918,57.53244],[16.33922,57.52026],[16.45779,57.52503],[16.46298,57.54642],[16.50356,57.58898],[16.57888,57.58085],[16.66837,57.52158],[16.68967,57.48567],[16.6549,57.42645],[16.61828,57.37279],[16.54794,57.37218],[16.55792,57.31714],[16.48038,57.28619],[16.49869,57.23783],[16.46264,57.19861],[16.49777,57.13281],[16.4423,57.12753],[16.40475,57.17898]]]}},{"type":"Feature","properties":{"KnKod":"0883","KnNamn":"Västervik"},"geometry":{"type":"Polygon","coordinates":[[[16.74401,57.86432],[16.68607,57.89005],[16.60027,57.89951],[16.53326,57.84786],[16.61811,57.78052],[16.6925,57.7537],[16.69376,57.70467],[16.63538,57.68693],[16.60536,57.6473],[16.63935,57.62143],[16.70667,57.63492],[16.70527,57.6024],[16.67063,57.58485],[16.57888,57.58085],[16.50356,57.58898],[16.46298,57.54642],[16.45779,57.52503],[16.33922,57.52026],[16.2918,57.53244],[16.21111,57.60293],[16.22813,57.61811],[16.19879,57.63632],[16.15195,57.62305],[16.10807,57.65122],[16.12015,57.68847],[16.15752,57.70417],[16.12977,57.75845],[16.11448,57.83728],[16.06676,57.86476],[16.01972,57.95371],[16.06485,57.97259],[15.98441,58.03557],[15.99882,58.08775],[16.09208,58.08853],[16.1168,58.06342],[16.1755,58.06693],[16.15127,58.10831],[16.17903,58.12464],[16.25184,58.15799],[16.29372,58.13356],[16.37198,58.1514],[16.46917,58.08403],[16.501,58.11632],[16.56164,58.0996],[16.61246,57.98928],[16.6889,57.98229],[16.74882,58.00415],[16.76555,57.92266],[16.74401,57.86432]]]}},{"type":"Feature","properties":{"KnKod":"0884","KnNamn":"Vimmerby"},"geometry":{"type":"Polygon","coordinates":[[[16.18393,57.51597],[16.13479,57.50647],[16.11335,57.52958],[16.04849,57.53918],[15.98349,57.59218],[15.85451,57.57132],[15.83155,57.54379],[15.78644,57.55201],[15.75389,57.58659],[15.65324,57.6072],[15.51269,57.66628],[15.44039,57.67417],[15.41585,57.70091],[15.42914,57.74716],[15.45706,57.76722],[15.51661,57.7619],[15.53646,57.79629],[15.591,57.82439],[15.5806,57.85395],[15.67093,57.86482],[15.77823,57.84564],[15.79473,57.81387],[15.86665,57.83296],[15.91963,57.81338],[16.01863,57.86147],[16.06676,57.86476],[16.11448,57.83728],[16.12977,57.75845],[16.15752,57.70417],[16.12015,57.68847],[16.10807,57.65122],[16.15195,57.62305],[16.19879,57.63632],[16.22813,57.61811],[16.21111,57.60293],[16.2918,57.53244],[16.20571,57.48497],[16.18393,57.51597]]]}},{"type":"Feature","properties":{"KnKod":"0885","KnNamn":"Borgholm"},"geometry":{"type":"Polygon","coordinates":[[[16.89006,57.12536],[16.91611,57.17609],[16.90458,57.20954],[16.94463,57.22301],[16.95603,57.25482],[16.96543,57.30492],[17.01991,57.34815],[17.06151,57.36691],[17.0841,57.35076],[17.11312,57.35953],[17.12967,57.32023],[17.07918,57.30577],[17.05362,57.27136],[17.0678,57.24857],[17.06578,57.18886],[17.03881,57.1745],[16.98748,57.11656],[16.95035,57.04851],[16.91084,57.04955],[16.93575,57.01692],[16.87937,56.99015],[16.87548,56.92153],[16.85349,56.89954],[16.85569,56.86856],[16.82696,56.83254],[16.779,56.82508],[16.70254,56.67823],[16.66792,56.69336],[16.63543,56.68116],[16.60057,56.6999],[16.61905,56.74935],[16.58692,56.76609],[16.52095,56.76522],[16.57431,56.82313],[16.60836,56.88239],[16.64924,56.90128],[16.70854,56.90075],[16.74008,56.96198],[16.77187,57.01048],[16.81342,57.0311],[16.8436,57.07247],[16.89006,57.12536]]]}},{"type":"Feature","properties":{"KnKod":"0980","KnNamn":"Gotland"},"geometry":{"type":"Polygon","coordinates":[[[18.48038,57.83608],[18.58406,57.8529],[18.607,57.89464],[18.65391,57.91435],[18.70641,57.92993],[18.77021,57.84991],[18.81822,57.91679],[18.85919,57.93877],[18.99972,57.91936],[19.05464,57.94187],[19.07429,57.98204],[19.14987,58.00456],[19.23343,57.98807],[19.2889,57.99043],[19.3058,57.96888],[19.27621,57.95147],[19.20145,57.95266],[19.13989,57.94169],[19.11486,57.92751],[19.13402,57.90215],[19.09391,57.86197],[18.99543,57.83052],[18.99746,57.79394],[18.93295,57.79408],[18.92342,57.73119],[18.84856,57.73038],[18.79736,57.75115],[18.78422,57.69769],[18.74864,57.62613],[18.78214,57.61416],[18.76691,57.5536],[18.73412,57.52366],[18.77635,57.47454],[18.8392,57.44909],[18.90037,57.44014],[18.86704,57.39753],[18.78906,57.38427],[18.72585,57.37516],[18.65475,57.31757],[18.65544,57.28658],[18.69412,57.27053],[18.6568,57.23553],[18.54348,57.21425],[18.52737,57.19378],[18.3838,57.13676],[18.424,57.12611],[18.31847,57.08401],[18.31995,57.02026],[18.3725,57.00678],[18.30044,56.9528],[18.18958,56.9129],[18.12435,56.91643],[18.18071,56.98633],[18.19239,57.02718],[18.25846,57.04899],[18.28341,57.07784],[18.27384,57.10225],[18.20938,57.07486],[18.18815,57.08205],[18.20497,57.14065],[18.16021,57.15886],[18.13118,57.17394],[18.13673,57.25164],[18.08273,57.26147],[18.09716,57.30027],[18.14988,57.33235],[18.16502,57.39655],[18.12903,57.4231],[18.11051,57.47547],[18.09093,57.52429],[18.10877,57.56284],[18.19114,57.61434],[18.24529,57.62631],[18.31427,57.67703],[18.39032,57.75078],[18.42598,57.8133],[18.48038,57.83608]]]}},{"type":"Feature","properties":{"KnKod":"1060","KnNamn":"Olofström"},"geometry":{"type":"Polygon","coordinates":[[[14.63648,56.20516],[14.57198,56.19963],[14.54958,56.22433],[14.49358,56.2183],[14.44082,56.23013],[14.43256,56.27392],[14.38963,56.34119],[14.41179,56.39239],[14.46869,56.40204],[14.52439,56.45807],[14.5969,56.45177],[14.66863,56.40091],[14.7369,56.30984],[14.75307,56.25836],[14.71046,56.25529],[14.69011,56.23293],[14.63648,56.20516]]]}},{"type":"Feature","properties":{"KnKod":"1080","KnNamn":"Karlskrona"},"geometry":{"type":"Polygon","coordinates":[[[15.38593,56.28308],[15.35565,56.34097],[15.29272,56.36645],[15.32166,56.38099],[15.31356,56.405],[15.3874,56.40055],[15.43345,56.45021],[15.493,56.43935],[15.48135,56.48226],[15.49263,56.51534],[15.56438,56.50008],[15.5905,56.46952],[15.63948,56.47009],[15.65568,56.44434],[15.67737,56.41886],[15.73077,56.41007],[15.79422,56.3427],[15.85117,56.32095],[15.94595,56.32387],[15.98758,56.30666],[16.05206,56.32414],[16.0109,56.23633],[15.95523,56.17481],[15.91267,56.15768],[15.8514,56.08383],[15.78755,56.1169],[15.71103,56.09103],[15.66443,56.09941],[15.72652,56.13347],[15.74259,56.16321],[15.69296,56.18808],[15.59383,56.17802],[15.56098,56.19092],[15.49568,56.17748],[15.47866,56.2304],[15.46638,56.24923],[15.48081,56.27186],[15.45386,56.28255],[15.38593,56.28308]]]}},{"type":"Feature","properties":{"KnKod":"1081","KnNamn":"Ronneby"},"geometry":{"type":"Polygon","coordinates":[[[15.01901,56.46021],[15.12657,56.46123],[15.13514,56.43903],[15.19373,56.43922],[15.20234,56.46583],[15.25134,56.48283],[15.29595,56.4621],[15.33574,56.48684],[15.39805,56.49939],[15.48135,56.48226],[15.493,56.43935],[15.43345,56.45021],[15.3874,56.40055],[15.31356,56.405],[15.32166,56.38099],[15.29272,56.36645],[15.35565,56.34097],[15.38593,56.28308],[15.45386,56.28255],[15.48081,56.27186],[15.46638,56.24923],[15.47866,56.2304],[15.49568,56.17748],[15.45674,56.15576],[15.41086,56.1839],[15.38621,56.15827],[15.31733,56.13712],[15.29377,56.18013],[15.25329,56.17171],[15.16427,56.16252],[15.09691,56.16467],[15.06056,56.18788],[15.04489,56.2617],[15.01214,56.27625],[15.03441,56.32376],[15.01577,56.36098],[14.9563,56.35535],[14.92059,56.38328],[14.96588,56.43794],[15.01901,56.46021]]]}},{"type":"Feature","properties":{"KnKod":"1082","KnNamn":"Karlshamn"},"geometry":{"type":"Polygon","coordinates":[[[14.63648,56.20516],[14.69011,56.23293],[14.71046,56.25529],[14.75307,56.25836],[14.7369,56.30984],[14.66863,56.40091],[14.71002,56.39082],[14.80246,56.38209],[14.87997,56.3633],[14.92059,56.38328],[14.9563,56.35535],[15.01577,56.36098],[15.03441,56.32376],[15.01214,56.27625],[15.04489,56.2617],[15.06056,56.18788],[15.02245,56.16358],[14.85051,56.15894],[14.77506,56.15234],[14.73324,56.15286],[14.67962,56.15943],[14.63648,56.20516]]]}},{"type":"Feature","properties":{"KnKod":"1083","KnNamn":"Sölvesborg"},"geometry":{"type":"Polygon","coordinates":[[[14.63648,56.20516],[14.67962,56.15943],[14.68474,56.11761],[14.72136,56.07221],[14.78218,56.0363],[14.72708,55.99962],[14.66316,56.00136],[14.60821,56.01702],[14.54597,56.04569],[14.55438,56.07415],[14.59491,56.08459],[14.57198,56.19963],[14.63648,56.20516]]]}},{"type":"Feature","properties":{"KnKod":"1214","KnNamn":"Svalöv"},"geometry":{"type":"Polygon","coordinates":[[[13.1925,55.90149],[13.16086,55.90467],[13.12983,55.88978],[13.12971,55.86631],[13.14755,55.85652],[13.13622,55.8389],[13.04778,55.8483],[13.0348,55.87579],[13.01761,55.8675],[12.98379,55.87794],[12.99337,55.901],[12.94798,55.9268],[12.95223,55.94849],[12.98237,55.95806],[12.98461,55.98139],[13.03012,56.00113],[13.02031,56.04479],[13.06381,56.07962],[13.10035,56.09551],[13.16266,56.07483],[13.19197,56.03391],[13.2289,56.02331],[13.26182,56.02907],[13.32902,56.02793],[13.34081,56.01408],[13.28386,55.95523],[13.29483,55.92045],[13.24298,55.91733],[13.1925,55.90149]]]}},{"type":"Feature","properties":{"KnKod":"1230","KnNamn":"Staffanstorp"},"geometry":{"type":"Polygon","coordinates":[[[13.27603,55.688],[13.3156,55.64812],[13.34845,55.63624],[13.35322,55.61774],[13.33264,55.61227],[13.31574,55.62219],[13.30393,55.60637],[13.27828,55.62026],[13.2586,55.62325],[13.2343,55.61508],[13.19588,55.61789],[13.18569,55.60561],[13.14637,55.60398],[13.12941,55.61527],[13.13592,55.62152],[13.10778,55.62546],[13.09833,55.6333],[13.10768,55.63552],[13.12173,55.63567],[13.14502,55.65126],[13.11928,55.66211],[13.12124,55.68596],[13.10991,55.69432],[13.11575,55.70355],[13.14544,55.70633],[13.1738,55.68173],[13.20468,55.69263],[13.21324,55.67841],[13.27603,55.688]]]}},{"type":"Feature","properties":{"KnKod":"1231","KnNamn":"Burlöv"},"geometry":{"type":"Polygon","coordinates":[[[13.12941,55.61527],[13.12009,55.6113],[13.09108,55.61046],[13.07313,55.62457],[13.05457,55.63612],[13.05319,55.64668],[13.09814,55.65131],[13.0962,55.6587],[13.10459,55.66302],[13.11928,55.66211],[13.14502,55.65126],[13.12173,55.63567],[13.10768,55.63552],[13.09833,55.6333],[13.10778,55.62546],[13.13592,55.62152],[13.12941,55.61527]]]}},{"type":"Feature","properties":{"KnKod":"1233","KnNamn":"Vellinge"},"geometry":{"type":"Polygon","coordinates":[[[12.94519,55.42348],[12.95792,55.44639],[12.96042,55.47024],[12.95088,55.48707],[12.93711,55.50492],[13.04538,55.51413],[13.05458,55.52535],[13.10626,55.52714],[13.14084,55.4908],[13.1698,55.48897],[13.16455,55.48309],[13.15968,55.47246],[13.13182,55.45629],[13.09911,55.46548],[13.07765,55.46472],[13.06738,55.4662],[13.04966,55.46442],[13.05746,55.43485],[13.06876,55.42491],[13.04086,55.41826],[13.01096,55.3916],[12.97429,55.40476],[12.94456,55.40125],[12.92973,55.39579],[12.92517,55.38832],[12.90842,55.38812],[12.89435,55.39643],[12.87476,55.39883],[12.81633,55.38594],[12.86378,55.4474],[12.87041,55.4406],[12.88006,55.41901],[12.91086,55.41355],[12.93323,55.4117],[12.94519,55.42348]]]}},{"type":"Feature","properties":{"KnKod":"1256","KnNamn":"Östra Göinge"},"geometry":{"type":"Polygon","coordinates":[[[14.12531,56.36738],[14.16635,56.43572],[14.21194,56.45507],[14.24483,56.43896],[14.21207,56.363],[14.23335,56.33664],[14.24738,56.36119],[14.28077,56.3667],[14.30906,56.34358],[14.27991,56.32522],[14.28416,56.2943],[14.41093,56.30666],[14.314,56.28013],[14.28206,56.24567],[14.25857,56.18549],[14.20306,56.16307],[14.15041,56.15672],[14.12724,56.13443],[14.00595,56.15373],[13.99424,56.1862],[13.97697,56.21773],[13.99182,56.26754],[13.98823,56.32306],[14.08235,56.36231],[14.12531,56.36738]]]}},{"type":"Feature","properties":{"KnKod":"1257","KnNamn":"Örkelljunga"},"geometry":{"type":"Polygon","coordinates":[[[13.19679,56.19776],[13.1188,56.22991],[13.11974,56.26594],[13.20213,56.32852],[13.30267,56.38789],[13.3781,56.41524],[13.41995,56.41339],[13.45722,56.43096],[13.49719,56.40993],[13.57701,56.40932],[13.57187,56.39032],[13.50306,56.36458],[13.50137,56.31235],[13.48785,56.28772],[13.45715,56.29812],[13.41912,56.26796],[13.34398,56.27609],[13.2674,56.21754],[13.22319,56.22367],[13.19679,56.19776]]]}},{"type":"Feature","properties":{"KnKod":"1260","KnNamn":"Bjuv"},"geometry":{"type":"Polygon","coordinates":[[[12.98461,55.98139],[12.94696,55.97934],[12.89808,56.01919],[12.93462,56.0285],[12.88278,56.10931],[12.95192,56.12873],[12.97648,56.1205],[13.01138,56.11726],[13.06381,56.07962],[13.02031,56.04479],[13.03012,56.00113],[12.98461,55.98139]]]}},{"type":"Feature","properties":{"KnKod":"1261","KnNamn":"Kävlinge"},"geometry":{"type":"Polygon","coordinates":[[[13.01914,55.75051],[12.9979,55.72477],[12.97306,55.72393],[12.95611,55.72692],[12.96725,55.73869],[12.95485,55.75231],[12.92677,55.74458],[12.90967,55.75866],[12.92453,55.76996],[12.93669,55.77539],[12.92647,55.82633],[13.02252,55.82876],[13.04778,55.8483],[13.13622,55.8389],[13.21159,55.8418],[13.23055,55.82239],[13.21366,55.79194],[13.14376,55.78732],[13.13566,55.74823],[13.11686,55.74945],[13.08594,55.74224],[13.05574,55.75356],[13.01914,55.75051]]]}},{"type":"Feature","properties":{"KnKod":"1262","KnNamn":"Lomma"},"geometry":{"type":"Polygon","coordinates":[[[13.01914,55.75051],[13.05574,55.75356],[13.08594,55.74224],[13.11686,55.74945],[13.13566,55.74823],[13.12933,55.72416],[13.11252,55.7134],[13.11575,55.70355],[13.10991,55.69432],[13.12124,55.68596],[13.11928,55.66211],[13.10459,55.66302],[13.0962,55.6587],[13.09814,55.65131],[13.05319,55.64668],[13.05172,55.65386],[13.06556,55.67466],[13.06453,55.68259],[13.0512,55.70256],[13.03425,55.7082],[12.9979,55.72477],[13.01914,55.75051]]]}},{"type":"Feature","properties":{"KnKod":"1263","KnNamn":"Svedala"},"geometry":{"type":"Polygon","coordinates":[[[13.30895,55.47706],[13.28742,55.48692],[13.25389,55.47443],[13.23801,55.47747],[13.2398,55.48913],[13.21741,55.48785],[13.21001,55.47825],[13.16455,55.48309],[13.1698,55.48897],[13.14084,55.4908],[13.10626,55.52714],[13.13506,55.54509],[13.11871,55.56152],[13.14761,55.57134],[13.14637,55.60398],[13.18569,55.60561],[13.19588,55.61789],[13.2343,55.61508],[13.2586,55.62325],[13.27828,55.62026],[13.30393,55.60637],[13.34345,55.55801],[13.37025,55.56283],[13.39278,55.53389],[13.45035,55.52776],[13.43392,55.5194],[13.38359,55.47981],[13.30895,55.47706]]]}},{"type":"Feature","properties":{"KnKod":"1264","KnNamn":"Skurup"},"geometry":{"type":"Polygon","coordinates":[[[13.45095,55.4865],[13.45035,55.52776],[13.47429,55.5269],[13.48924,55.54819],[13.49486,55.57523],[13.51863,55.58234],[13.55858,55.54546],[13.64882,55.52823],[13.6522,55.47742],[13.61945,55.45011],[13.649,55.42114],[13.59391,55.38123],[13.48491,55.38213],[13.47612,55.41417],[13.44445,55.42505],[13.46495,55.44637],[13.47147,55.47395],[13.45095,55.4865]]]}},{"type":"Feature","properties":{"KnKod":"1265","KnNamn":"Sjöbo"},"geometry":{"type":"Polygon","coordinates":[[[13.6036,55.6527],[13.61394,55.66863],[13.56111,55.6982],[13.61029,55.74361],[13.66018,55.72961],[13.69119,55.74437],[13.75154,55.74329],[13.74179,55.76181],[13.77975,55.77982],[13.87293,55.76447],[13.91324,55.75105],[13.89494,55.72368],[13.96847,55.66769],[13.97635,55.63842],[13.90565,55.59502],[13.87129,55.59852],[13.85871,55.57327],[13.81398,55.57787],[13.77818,55.55255],[13.73126,55.53678],[13.64882,55.52823],[13.55858,55.54546],[13.51863,55.58234],[13.54079,55.6327],[13.59698,55.63677],[13.6036,55.6527]]]}},{"type":"Feature","properties":{"KnKod":"1266","KnNamn":"Hörby"},"geometry":{"type":"Polygon","coordinates":[[[13.66018,55.72961],[13.61029,55.74361],[13.58616,55.76556],[13.62632,55.79795],[13.62542,55.81242],[13.57388,55.80943],[13.55547,55.82771],[13.54448,55.8667],[13.56828,55.89627],[13.60424,55.92165],[13.60184,55.94702],[13.62537,55.96095],[13.69976,55.95865],[13.74293,55.94818],[13.81763,55.89528],[13.88033,55.92651],[13.91064,55.91601],[13.92228,55.87032],[13.88439,55.83428],[13.91224,55.80945],[13.95144,55.81474],[13.95716,55.78196],[13.91324,55.75105],[13.87293,55.76447],[13.77975,55.77982],[13.74179,55.76181],[13.75154,55.74329],[13.69119,55.74437],[13.66018,55.72961]]]}},{"type":"Feature","properties":{"KnKod":"1267","KnNamn":"Höör"},"geometry":{"type":"Polygon","coordinates":[[[13.42262,55.82177],[13.43222,55.84299],[13.42635,55.88834],[13.46583,55.89556],[13.43846,55.92566],[13.38741,55.94779],[13.39441,55.97273],[13.36933,56.01172],[13.44526,56.01192],[13.45368,56.04581],[13.49387,56.0566],[13.50976,56.08401],[13.56353,56.09129],[13.57761,56.05817],[13.66227,56.04521],[13.65317,55.98792],[13.62537,55.96095],[13.60184,55.94702],[13.60424,55.92165],[13.56828,55.89627],[13.54448,55.8667],[13.55547,55.82771],[13.52402,55.81715],[13.51959,55.78849],[13.46493,55.78559],[13.42262,55.82177]]]}},{"type":"Feature","properties":{"KnKod":"1270","KnNamn":"Tomelilla"},"geometry":{"type":"Polygon","coordinates":[[[14.04618,55.7595],[14.06117,55.7777],[14.09309,55.77382],[14.10421,55.75916],[14.1062,55.73728],[14.14546,55.7252],[14.0841,55.70441],[14.07376,55.63979],[14.17104,55.62835],[14.18441,55.59025],[14.13752,55.58434],[14.12721,55.52502],[14.09795,55.4889],[14.02492,55.49158],[13.98112,55.47574],[13.90161,55.5122],[13.90198,55.53384],[13.85871,55.57327],[13.87129,55.59852],[13.90565,55.59502],[13.97635,55.63842],[13.96847,55.66769],[13.89494,55.72368],[13.91324,55.75105],[13.95716,55.78196],[13.99887,55.75412],[14.04618,55.7595]]]}},{"type":"Feature","properties":{"KnKod":"1272","KnNamn":"Bromölla"},"geometry":{"type":"Polygon","coordinates":[[[14.41483,56.15747],[14.41072,56.20644],[14.44082,56.23013],[14.49358,56.2183],[14.54958,56.22433],[14.57198,56.19963],[14.59491,56.08459],[14.55438,56.07415],[14.54597,56.04569],[14.46811,56.03002],[14.37781,56.04024],[14.38674,56.07227],[14.43713,56.10211],[14.41483,56.15747]]]}},{"type":"Feature","properties":{"KnKod":"1273","KnNamn":"Osby"},"geometry":{"type":"Polygon","coordinates":[[[14.46869,56.40204],[14.41179,56.39239],[14.38963,56.34119],[14.41093,56.30666],[14.28416,56.2943],[14.27991,56.32522],[14.30906,56.34358],[14.28077,56.3667],[14.24738,56.36119],[14.23335,56.33664],[14.21207,56.363],[14.24483,56.43896],[14.21194,56.45507],[14.16635,56.43572],[14.12531,56.36738],[14.08235,56.36231],[13.98823,56.32306],[13.92677,56.32306],[13.92864,56.35364],[13.88546,56.36656],[13.89896,56.38936],[13.89231,56.40774],[13.74988,56.38927],[13.70508,56.42789],[13.78879,56.44876],[13.86988,56.44851],[13.92823,56.46735],[14.01611,56.46848],[14.05476,56.50447],[14.06258,56.53115],[14.10192,56.53281],[14.13338,56.50778],[14.23787,56.49166],[14.25297,56.50353],[14.41474,56.48072],[14.52439,56.45807],[14.46869,56.40204]]]}},{"type":"Feature","properties":{"KnKod":"1275","KnNamn":"Perstorp"},"geometry":{"type":"Polygon","coordinates":[[[13.32497,56.12908],[13.29678,56.15556],[13.31119,56.16576],[13.27254,56.18727],[13.2674,56.21754],[13.34398,56.27609],[13.41912,56.26796],[13.4564,56.20979],[13.43975,56.18529],[13.46579,56.16608],[13.46594,56.14623],[13.43516,56.10899],[13.38622,56.12998],[13.32497,56.12908]]]}},{"type":"Feature","properties":{"KnKod":"1276","KnNamn":"Klippan"},"geometry":{"type":"Polygon","coordinates":[[[13.26182,56.02907],[13.2289,56.02331],[13.19197,56.03391],[13.16266,56.07483],[13.10035,56.09551],[13.08492,56.15924],[13.01011,56.1912],[12.99687,56.21879],[13.08015,56.21532],[13.1188,56.22991],[13.19679,56.19776],[13.22319,56.22367],[13.2674,56.21754],[13.27254,56.18727],[13.31119,56.16576],[13.29678,56.15556],[13.32497,56.12908],[13.38622,56.12998],[13.43516,56.10899],[13.46274,56.08293],[13.49412,56.09263],[13.50976,56.08401],[13.49387,56.0566],[13.45368,56.04581],[13.44526,56.01192],[13.36933,56.01172],[13.34081,56.01408],[13.32902,56.02793],[13.26182,56.02907]]]}},{"type":"Feature","properties":{"KnKod":"1277","KnNamn":"Åstorp"},"geometry":{"type":"Polygon","coordinates":[[[12.95478,56.17186],[13.01011,56.1912],[13.08492,56.15924],[13.10035,56.09551],[13.06381,56.07962],[13.01138,56.11726],[12.97648,56.1205],[12.95192,56.12873],[12.88278,56.10931],[12.84144,56.1356],[12.90674,56.15039],[12.95276,56.15752],[12.95478,56.17186]]]}},{"type":"Feature","properties":{"KnKod":"1278","KnNamn":"Båstad"},"geometry":{"type":"Polygon","coordinates":[[[12.76932,56.32224],[12.74496,56.35684],[12.69318,56.38046],[12.63921,56.38793],[12.63159,56.42786],[12.68005,56.45122],[12.72714,56.46382],[12.79635,56.4485],[12.84569,56.43034],[12.90379,56.44424],[12.97081,56.4217],[12.94692,56.3674],[12.8996,56.37593],[12.855,56.33448],[12.76932,56.32224]]]}},{"type":"Feature","properties":{"KnKod":"1280","KnNamn":"Malmö"},"geometry":{"type":"Polygon","coordinates":[[[12.97646,55.60488],[13.00625,55.61739],[13.04642,55.62417],[13.05457,55.63612],[13.07313,55.62457],[13.09108,55.61046],[13.12009,55.6113],[13.12941,55.61527],[13.14637,55.60398],[13.14761,55.57134],[13.11871,55.56152],[13.13506,55.54509],[13.10626,55.52714],[13.05458,55.52535],[13.04538,55.51413],[12.93711,55.50492],[12.91574,55.53112],[12.90885,55.55593],[12.90764,55.57443],[12.92617,55.58631],[12.97646,55.60488]]]}},{"type":"Feature","properties":{"KnKod":"1281","KnNamn":"Lund"},"geometry":{"type":"Polygon","coordinates":[[[13.27603,55.688],[13.21324,55.67841],[13.20468,55.69263],[13.1738,55.68173],[13.14544,55.70633],[13.11575,55.70355],[13.11252,55.7134],[13.12933,55.72416],[13.13566,55.74823],[13.14376,55.78732],[13.21366,55.79194],[13.22793,55.79061],[13.25248,55.77389],[13.28816,55.78055],[13.30325,55.76852],[13.29864,55.751],[13.32773,55.75443],[13.38412,55.74695],[13.42735,55.73405],[13.45926,55.7327],[13.52776,55.70302],[13.56111,55.6982],[13.61394,55.66863],[13.6036,55.6527],[13.59698,55.63677],[13.54079,55.6327],[13.51863,55.58234],[13.49486,55.57523],[13.48924,55.54819],[13.47429,55.5269],[13.45035,55.52776],[13.39278,55.53389],[13.37025,55.56283],[13.34345,55.55801],[13.30393,55.60637],[13.31574,55.62219],[13.33264,55.61227],[13.35322,55.61774],[13.34845,55.63624],[13.3156,55.64812],[13.27603,55.688]]]}},{"type":"Feature","properties":{"KnKod":"1282","KnNamn":"Landskrona"},"geometry":{"type":"Polygon","coordinates":[[[12.8367,55.94599],[12.88617,55.9566],[12.92628,55.94596],[12.94798,55.9268],[12.99337,55.901],[12.98379,55.87794],[13.01761,55.8675],[13.0348,55.87579],[13.04778,55.8483],[13.02252,55.82876],[12.92647,55.82633],[12.90476,55.8632],[12.83532,55.87145],[12.77654,55.96141],[12.81689,55.96481],[12.8367,55.94599]]]}},{"type":"Feature","properties":{"KnKod":"1283","KnNamn":"Helsingborg"},"geometry":{"type":"Polygon","coordinates":[[[12.8367,55.94599],[12.81689,55.96481],[12.77654,55.96141],[12.75587,56.01049],[12.71336,56.05179],[12.66317,56.08438],[12.61954,56.11848],[12.58583,56.13898],[12.68187,56.1521],[12.67763,56.16849],[12.746,56.19825],[12.76826,56.21989],[12.79043,56.21721],[12.83443,56.18574],[12.79873,56.16014],[12.84144,56.1356],[12.88278,56.10931],[12.93462,56.0285],[12.89808,56.01919],[12.94696,55.97934],[12.98461,55.98139],[12.98237,55.95806],[12.95223,55.94849],[12.94798,55.9268],[12.92628,55.94596],[12.88617,55.9566],[12.8367,55.94599]]]}},{"type":"Feature","properties":{"KnKod":"1284","KnNamn":"Höganäs"},"geometry":{"type":"Polygon","coordinates":[[[12.53677,56.24771],[12.50223,56.27961],[12.45937,56.29741],[12.50501,56.30112],[12.59779,56.27062],[12.67833,56.24592],[12.70453,56.2251],[12.73363,56.22576],[12.76826,56.21989],[12.746,56.19825],[12.67763,56.16849],[12.68187,56.1521],[12.58583,56.13898],[12.5731,56.15628],[12.55226,56.2183],[12.53677,56.24771]]]}},{"type":"Feature","properties":{"KnKod":"1285","KnNamn":"Eslöv"},"geometry":{"type":"Polygon","coordinates":[[[13.42262,55.82177],[13.46493,55.78559],[13.51959,55.78849],[13.52402,55.81715],[13.55547,55.82771],[13.57388,55.80943],[13.62542,55.81242],[13.62632,55.79795],[13.58616,55.76556],[13.61029,55.74361],[13.56111,55.6982],[13.52776,55.70302],[13.45926,55.7327],[13.42735,55.73405],[13.38412,55.74695],[13.32773,55.75443],[13.29864,55.751],[13.30325,55.76852],[13.28816,55.78055],[13.25248,55.77389],[13.22793,55.79061],[13.21366,55.79194],[13.23055,55.82239],[13.21159,55.8418],[13.13622,55.8389],[13.14755,55.85652],[13.12971,55.86631],[13.12983,55.88978],[13.16086,55.90467],[13.1925,55.90149],[13.24298,55.91733],[13.29483,55.92045],[13.28386,55.95523],[13.34081,56.01408],[13.36933,56.01172],[13.39441,55.97273],[13.38741,55.94779],[13.43846,55.92566],[13.46583,55.89556],[13.42635,55.88834],[13.43222,55.84299],[13.42262,55.82177]]]}},{"type":"Feature","properties":{"KnKod":"1286","KnNamn":"Ystad"},"geometry":{"type":"Polygon","coordinates":[[[14.10316,55.39191],[14.06154,55.38862],[13.95805,55.43177],[13.91531,55.44114],[13.85052,55.43171],[13.73729,55.43544],[13.70053,55.42278],[13.649,55.42114],[13.61945,55.45011],[13.6522,55.47742],[13.64882,55.52823],[13.73126,55.53678],[13.77818,55.55255],[13.81398,55.57787],[13.85871,55.57327],[13.90198,55.53384],[13.90161,55.5122],[13.98112,55.47574],[14.02492,55.49158],[14.09795,55.4889],[14.12918,55.48986],[14.11613,55.46886],[14.20969,55.40503],[14.19057,55.38557],[14.10316,55.39191]]]}},{"type":"Feature","properties":{"KnKod":"1287","KnNamn":"Trelleborg"},"geometry":{"type":"Polygon","coordinates":[[[13.45095,55.4865],[13.47147,55.47395],[13.46495,55.44637],[13.44445,55.42505],[13.47612,55.41417],[13.48491,55.38213],[13.45192,55.37482],[13.42032,55.35976],[13.38033,55.35681],[13.33575,55.34003],[13.31991,55.35048],[13.28552,55.347],[13.21196,55.36698],[13.11883,55.37932],[13.0826,55.37418],[13.06026,55.37394],[13.01096,55.3916],[13.04086,55.41826],[13.06876,55.42491],[13.05746,55.43485],[13.04966,55.46442],[13.06738,55.4662],[13.07765,55.46472],[13.09911,55.46548],[13.13182,55.45629],[13.15968,55.47246],[13.16455,55.48309],[13.21001,55.47825],[13.21741,55.48785],[13.2398,55.48913],[13.23801,55.47747],[13.25389,55.47443],[13.28742,55.48692],[13.30895,55.47706],[13.38359,55.47981],[13.43392,55.5194],[13.45035,55.52776],[13.45095,55.4865]]]}},{"type":"Feature","properties":{"KnKod":"1290","KnNamn":"Kristianstad"},"geometry":{"type":"Polygon","coordinates":[[[14.42964,55.98872],[14.3543,55.96202],[14.32387,55.91667],[14.2801,55.90452],[14.20935,55.82875],[14.1989,55.75887],[14.10421,55.75916],[14.09309,55.77382],[14.06117,55.7777],[14.04618,55.7595],[13.99887,55.75412],[13.95716,55.78196],[13.95144,55.81474],[13.91224,55.80945],[13.88439,55.83428],[13.92228,55.87032],[13.91064,55.91601],[13.88033,55.92651],[13.81763,55.89528],[13.74293,55.94818],[13.78996,55.96157],[13.76539,55.988],[13.81754,56.03242],[13.84644,56.01297],[13.9093,56.02435],[13.99198,56.09608],[13.97962,56.11834],[14.00595,56.15373],[14.12724,56.13443],[14.15041,56.15672],[14.20306,56.16307],[14.25857,56.18549],[14.28206,56.24567],[14.314,56.28013],[14.41093,56.30666],[14.43256,56.27392],[14.44082,56.23013],[14.41072,56.20644],[14.41483,56.15747],[14.43713,56.10211],[14.38674,56.07227],[14.37781,56.04024],[14.46811,56.03002],[14.42964,55.98872]]]}},{"type":"Feature","properties":{"KnKod":"1291","KnNamn":"Simrishamn"},"geometry":{"type":"Polygon","coordinates":[[[14.27784,55.6717],[14.29627,55.61295],[14.34889,55.58669],[14.36336,55.54257],[14.33134,55.50455],[14.26019,55.45956],[14.20969,55.40503],[14.11613,55.46886],[14.12918,55.48986],[14.09795,55.4889],[14.12721,55.52502],[14.13752,55.58434],[14.18441,55.59025],[14.17104,55.62835],[14.07376,55.63979],[14.0841,55.70441],[14.14546,55.7252],[14.1062,55.73728],[14.10421,55.75916],[14.1989,55.75887],[14.21784,55.6929],[14.27784,55.6717]]]}},{"type":"Feature","properties":{"KnKod":"1292","KnNamn":"Ängelholm"},"geometry":{"type":"Polygon","coordinates":[[[13.08015,56.21532],[12.99687,56.21879],[13.01011,56.1912],[12.95478,56.17186],[12.95276,56.15752],[12.90674,56.15039],[12.84144,56.1356],[12.79873,56.16014],[12.83443,56.18574],[12.79043,56.21721],[12.82804,56.23283],[12.84827,56.26267],[12.82042,56.29441],[12.76932,56.32224],[12.855,56.33448],[12.8996,56.37593],[12.94692,56.3674],[12.99135,56.36139],[13.15158,56.35111],[13.20213,56.32852],[13.11974,56.26594],[13.1188,56.22991],[13.08015,56.21532]]]}},{"type":"Feature","properties":{"KnKod":"1293","KnNamn":"Hässleholm"},"geometry":{"type":"Polygon","coordinates":[[[13.88546,56.36656],[13.92864,56.35364],[13.92677,56.32306],[13.98823,56.32306],[13.99182,56.26754],[13.97697,56.21773],[13.99424,56.1862],[14.00595,56.15373],[13.97962,56.11834],[13.99198,56.09608],[13.9093,56.02435],[13.84644,56.01297],[13.81754,56.03242],[13.76539,55.988],[13.78996,55.96157],[13.74293,55.94818],[13.69976,55.95865],[13.62537,55.96095],[13.65317,55.98792],[13.66227,56.04521],[13.57761,56.05817],[13.56353,56.09129],[13.50976,56.08401],[13.49412,56.09263],[13.46274,56.08293],[13.43516,56.10899],[13.46594,56.14623],[13.46579,56.16608],[13.43975,56.18529],[13.4564,56.20979],[13.41912,56.26796],[13.45715,56.29812],[13.48785,56.28772],[13.50137,56.31235],[13.50306,56.36458],[13.57187,56.39032],[13.57701,56.40932],[13.70508,56.42789],[13.74988,56.38927],[13.89231,56.40774],[13.89896,56.38936],[13.88546,56.36656]]]}},{"type":"Feature","properties":{"KnKod":"1315","KnNamn":"Hylte"},"geometry":{"type":"Polygon","coordinates":[[[13.26949,57.096],[13.35858,57.11744],[13.45969,57.10946],[13.4849,57.12277],[13.49647,57.09161],[13.52682,57.09568],[13.60826,57.0686],[13.59238,57.03144],[13.62019,56.99953],[13.68498,56.98636],[13.69306,56.96194],[13.66032,56.90211],[13.62206,56.90927],[13.61265,56.89166],[13.53359,56.8898],[13.48725,56.86662],[13.4694,56.87823],[13.37158,56.86087],[13.34038,56.87124],[13.29628,56.84729],[13.17131,56.83696],[13.17199,56.88559],[13.13286,56.88722],[13.10036,56.86694],[13.05486,56.84718],[13.01186,56.86695],[13.00907,56.91571],[12.96065,56.92127],[12.92839,56.94838],[12.8366,56.97301],[12.86277,57.01884],[12.89576,57.01935],[12.93989,57.05183],[13.00763,57.04193],[13.03277,57.07876],[13.09018,57.09564],[13.13123,57.03148],[13.22034,57.07644],[13.22823,57.10676],[13.26949,57.096]]]}},{"type":"Feature","properties":{"KnKod":"1380","KnNamn":"Halmstad"},"geometry":{"type":"Polygon","coordinates":[[[13.01186,56.86695],[13.05486,56.84718],[13.10036,56.86694],[13.13286,56.88722],[13.17199,56.88559],[13.17131,56.83696],[13.29628,56.84729],[13.32206,56.77287],[13.32624,56.69336],[13.29084,56.67505],[13.17982,56.67438],[13.18931,56.65054],[13.01828,56.59457],[12.99915,56.55209],[12.95438,56.54971],[12.94012,56.59413],[12.90812,56.64407],[12.8488,56.66265],[12.79372,56.64139],[12.73839,56.64173],[12.65899,56.72943],[12.62239,56.78124],[12.65685,56.81057],[12.7544,56.85369],[12.82983,56.85437],[12.88175,56.87395],[12.89185,56.9222],[12.92839,56.94838],[12.96065,56.92127],[13.00907,56.91571],[13.01186,56.86695]]]}},{"type":"Feature","properties":{"KnKod":"1381","KnNamn":"Laholm"},"geometry":{"type":"Polygon","coordinates":[[[13.40208,56.61372],[13.41715,56.58481],[13.44403,56.5692],[13.47444,56.51374],[13.4484,56.47163],[13.4714,56.45256],[13.45722,56.43096],[13.41995,56.41339],[13.3781,56.41524],[13.30267,56.38789],[13.20213,56.32852],[13.15158,56.35111],[12.99135,56.36139],[12.94692,56.3674],[12.97081,56.4217],[12.90379,56.44424],[12.93577,56.47178],[12.953,56.50171],[12.95438,56.54971],[12.99915,56.55209],[13.01828,56.59457],[13.18931,56.65054],[13.17982,56.67438],[13.29084,56.67505],[13.32624,56.69336],[13.37372,56.66245],[13.40208,56.61372]]]}},{"type":"Feature","properties":{"KnKod":"1382","KnNamn":"Falkenberg"},"geometry":{"type":"Polygon","coordinates":[[[12.57543,57.10897],[12.62705,57.12508],[12.61098,57.1527],[12.64199,57.16236],[12.61629,57.19213],[12.6293,57.21506],[12.67353,57.22422],[12.79867,57.28908],[12.85833,57.26763],[12.93106,57.26659],[12.95329,57.2369],[12.93224,57.22872],[12.94123,57.1761],[13.01206,57.1859],[13.05729,57.17868],[13.04756,57.15744],[13.07278,57.14922],[13.1009,57.16069],[13.13331,57.14914],[13.08603,57.12705],[13.09018,57.09564],[13.03277,57.07876],[13.00763,57.04193],[12.93989,57.05183],[12.89576,57.01935],[12.86277,57.01884],[12.8366,56.97301],[12.92839,56.94838],[12.89185,56.9222],[12.88175,56.87395],[12.82983,56.85437],[12.7544,56.85369],[12.65685,56.81057],[12.62239,56.78124],[12.62347,56.82984],[12.56491,56.85723],[12.48718,56.88889],[12.41026,56.90245],[12.35867,56.93489],[12.37258,56.96681],[12.36947,56.99356],[12.4898,57.00944],[12.53653,56.98974],[12.563,57.01578],[12.61704,57.0264],[12.57081,57.04971],[12.58326,57.06907],[12.57543,57.10897]]]}},{"type":"Feature","properties":{"KnKod":"1383","KnNamn":"Varberg"},"geometry":{"type":"Polygon","coordinates":[[[12.57543,57.10897],[12.58326,57.06907],[12.57081,57.04971],[12.61704,57.0264],[12.563,57.01578],[12.53653,56.98974],[12.4898,57.00944],[12.36947,56.99356],[12.3409,57.02811],[12.29333,57.04419],[12.26174,57.08315],[12.24876,57.13947],[12.19767,57.18266],[12.13277,57.22269],[12.13416,57.26229],[12.18246,57.27688],[12.17471,57.30381],[12.20917,57.32041],[12.29493,57.30999],[12.39572,57.34196],[12.43079,57.32055],[12.42793,57.27199],[12.50545,57.28001],[12.52764,57.32248],[12.65291,57.33769],[12.70549,57.33211],[12.79867,57.28908],[12.67353,57.22422],[12.6293,57.21506],[12.61629,57.19213],[12.64199,57.16236],[12.61098,57.1527],[12.62705,57.12508],[12.57543,57.10897]]]}},{"type":"Feature","properties":{"KnKod":"1384","KnNamn":"Kungsbacka"},"geometry":{"type":"Polygon","coordinates":[[[11.93329,57.42623],[11.92681,57.44208],[11.93374,57.46055],[11.95797,57.50164],[11.95238,57.5277],[11.94735,57.56111],[12.01327,57.5628],[12.03846,57.54961],[12.13827,57.56228],[12.20563,57.57643],[12.28404,57.60418],[12.34286,57.56774],[12.32676,57.52915],[12.34394,57.51258],[12.35461,57.49204],[12.34493,57.46921],[12.35573,57.45779],[12.38162,57.45276],[12.39716,57.4431],[12.41175,57.41091],[12.39572,57.34196],[12.29493,57.30999],[12.20917,57.32041],[12.17471,57.30381],[12.16368,57.33758],[12.14916,57.3467],[12.11456,57.34118],[12.10095,57.35088],[12.12284,57.38704],[12.12216,57.4347],[12.11132,57.45576],[12.09217,57.4615],[12.07274,57.45009],[12.05945,57.42603],[12.03989,57.37655],[12.0287,57.36114],[12.01168,57.3557],[11.98772,57.36125],[11.97033,57.37884],[11.93329,57.42623]]]}},{"type":"Feature","properties":{"KnKod":"1401","KnNamn":"Härryda"},"geometry":{"type":"Polygon","coordinates":[[[12.39089,57.73277],[12.47739,57.72435],[12.56668,57.61801],[12.51523,57.61736],[12.46358,57.61246],[12.42036,57.62336],[12.38659,57.61635],[12.36036,57.63476],[12.28404,57.60418],[12.22788,57.62168],[12.17392,57.63105],[12.14059,57.62989],[12.12043,57.62489],[12.07895,57.64698],[12.08816,57.65321],[12.0696,57.67505],[12.12421,57.68718],[12.14208,57.68568],[12.19124,57.71739],[12.21459,57.72393],[12.39089,57.73277]]]}},{"type":"Feature","properties":{"KnKod":"1402","KnNamn":"Partille"},"geometry":{"type":"Polygon","coordinates":[[[12.09536,57.76065],[12.11159,57.76605],[12.16237,57.77159],[12.18321,57.77035],[12.20303,57.74889],[12.18973,57.7436],[12.19606,57.72882],[12.21459,57.72393],[12.19124,57.71739],[12.14208,57.68568],[12.12421,57.68718],[12.09373,57.68002],[12.07083,57.72923],[12.09328,57.73164],[12.09232,57.75143],[12.09536,57.76065]]]}},{"type":"Feature","properties":{"KnKod":"1407","KnNamn":"Öckerö"},"geometry":{"type":"MultiPolygon","coordinates":[[[[11.68693,57.75392],[11.7061,57.75858],[11.72076,57.74171],[11.70813,57.729],[11.69782,57.71016],[11.69905,57.69281],[11.6946,57.68146],[11.68401,57.67729],[11.63297,57.69611],[11.63107,57.70512],[11.65502,57.70447],[11.65743,57.71425],[11.65036,57.7182],[11.65002,57.72789],[11.6676,57.72721],[11.6679,57.74535],[11.68693,57.75392]]],[[[11.60152,57.74337],[11.62277,57.79392],[11.65908,57.7709],[11.6183,57.74006],[11.60152,57.74337]]]]}},{"type":"Feature","properties":{"KnKod":"1415","KnNamn":"Stenungsund"},"geometry":{"type":"MultiPolygon","coordinates":[[[[12.02243,58.00509],[12.0077,58.00348],[12.00235,57.99739],[12.00008,57.9807],[11.99135,57.96913],[11.86391,57.96338],[11.78168,57.97118],[11.83103,58.00174],[11.84165,58.02615],[11.84194,58.048],[11.83405,58.07009],[11.82909,58.09198],[11.86581,58.1195],[11.88056,58.13708],[11.88366,58.16242],[11.93415,58.15676],[11.94951,58.14339],[11.99807,58.13992],[12.02792,58.12747],[12.04251,58.11138],[12.03845,58.09247],[12.05652,58.06151],[12.05161,58.03436],[12.02243,58.00509]]],[[[11.78016,58.07841],[11.7857,58.10572],[11.80278,58.10117],[11.80328,58.08983],[11.79141,58.08048],[11.78016,58.07841]]]]}},{"type":"Feature","properties":{"KnKod":"1419","KnNamn":"Tjörn"},"geometry":{"type":"Polygon","coordinates":[[[11.70059,57.97756],[11.70235,57.97066],[11.68606,57.96521],[11.6638,57.96006],[11.65255,57.95426],[11.63501,57.93374],[11.60251,57.93166],[11.59566,57.9397],[11.5944,57.95949],[11.56781,57.96648],[11.56121,57.97211],[11.55758,57.98644],[11.56045,57.99621],[11.57212,57.99828],[11.59871,58.0004],[11.60089,58.00745],[11.59696,58.01587],[11.55646,58.01373],[11.53938,58.0152],[11.53055,58.0229],[11.5295,58.03197],[11.54071,58.04689],[11.55212,58.05163],[11.56758,58.05546],[11.6238,58.05123],[11.64331,58.05468],[11.65448,58.06154],[11.67239,58.08851],[11.68083,58.09312],[11.69892,58.09167],[11.72069,58.08393],[11.71778,58.07416],[11.70612,58.06247],[11.72448,58.05834],[11.75411,58.06966],[11.77218,58.05908],[11.776,58.04208],[11.77616,58.01783],[11.76841,58.00213],[11.75335,57.99459],[11.74041,57.99463],[11.73419,58.00619],[11.7151,58.00813],[11.7082,57.98964],[11.70059,57.97756]]]}},{"type":"Feature","properties":{"KnKod":"1421","KnNamn":"Orust"},"geometry":{"type":"MultiPolygon","coordinates":[[[[11.8452,58.11993],[11.77081,58.11277],[11.75092,58.10551],[11.73316,58.08973],[11.71014,58.09239],[11.71253,58.10533],[11.69588,58.11303],[11.66577,58.12345],[11.64238,58.12951],[11.60954,58.11786],[11.59691,58.10603],[11.59068,58.09049],[11.5755,58.07514],[11.55457,58.06265],[11.53591,58.05983],[11.51999,58.06349],[11.50785,58.07117],[11.48954,58.06066],[11.47367,58.06864],[11.48323,58.07344],[11.49816,58.08638],[11.50269,58.09958],[11.48731,58.11246],[11.44452,58.13564],[11.4395,58.14697],[11.41714,58.1482],[11.40431,58.13661],[11.39159,58.13236],[11.40833,58.15767],[11.43555,58.17824],[11.46188,58.17459],[11.4867,58.17356],[11.52106,58.18867],[11.55096,58.19497],[11.59557,58.21177],[11.63646,58.23929],[11.65829,58.24271],[11.68246,58.24054],[11.69644,58.24106],[11.7015,58.25305],[11.69695,58.26773],[11.70142,58.28226],[11.73309,58.29293],[11.75288,58.29515],[11.79035,58.29351],[11.79135,58.27509],[11.80067,58.25785],[11.83958,58.24262],[11.85871,58.23028],[11.86703,58.21722],[11.8563,58.19995],[11.8495,58.18318],[11.856,58.16297],[11.85332,58.1369],[11.8452,58.11993]]],[[[11.50983,58.22652],[11.55087,58.2476],[11.60348,58.25352],[11.58977,58.23394],[11.5657,58.21685],[11.53056,58.20765],[11.48214,58.20093],[11.4912,58.21328],[11.50983,58.22652]]],[[[11.75154,58.08359],[11.76599,58.10124],[11.77235,58.08285],[11.75154,58.08359]]]]}},{"type":"Feature","properties":{"KnKod":"1427","KnNamn":"Sotenäs"},"geometry":{"type":"Polygon","coordinates":[[[11.3348,58.37257],[11.3262,58.36076],[11.29356,58.34916],[11.25893,58.34821],[11.25342,58.35786],[11.27933,58.37552],[11.27385,58.38727],[11.26945,58.40101],[11.26596,58.41872],[11.273,58.43219],[11.29208,58.43538],[11.29989,58.421],[11.31222,58.42027],[11.33271,58.42757],[11.33711,58.43988],[11.33029,58.45335],[11.327,58.46768],[11.44568,58.49538],[11.46699,58.47176],[11.48499,58.46425],[11.41381,58.37388],[11.38453,58.35789],[11.35967,58.36191],[11.34948,58.37121],[11.3348,58.37257]]]}},{"type":"Feature","properties":{"KnKod":"1430","KnNamn":"Munkedal"},"geometry":{"type":"Polygon","coordinates":[[[11.90069,58.64326],[11.83546,58.61457],[11.84036,58.53889],[11.90676,58.52074],[11.87093,58.5074],[11.89443,58.47433],[11.92069,58.44927],[11.85834,58.42785],[11.82815,58.43744],[11.7281,58.41439],[11.69719,58.42125],[11.61904,58.39537],[11.57931,58.47566],[11.54033,58.48164],[11.48499,58.46425],[11.46699,58.47176],[11.43097,58.51159],[11.43225,58.5347],[11.4603,58.55297],[11.48279,58.55066],[11.49866,58.56147],[11.48555,58.60383],[11.51144,58.62416],[11.5072,58.65133],[11.55003,58.67447],[11.62953,58.64378],[11.66472,58.64567],[11.68553,58.66737],[11.66648,58.69237],[11.67954,58.71109],[11.69491,58.76313],[11.71289,58.77455],[11.70172,58.80145],[11.70476,58.82306],[11.76602,58.81803],[11.78535,58.77611],[11.82938,58.75926],[11.82826,58.72991],[11.91477,58.704],[11.90069,58.64326]]]}},{"type":"Feature","properties":{"KnKod":"1435","KnNamn":"Tanum"},"geometry":{"type":"Polygon","coordinates":[[[11.27113,58.56274],[11.30962,58.59565],[11.25506,58.68315],[11.17757,58.7473],[11.1795,58.83475],[11.25514,58.86042],[11.31935,58.85984],[11.32916,58.87096],[11.35024,58.87344],[11.37026,58.85172],[11.44394,58.88202],[11.45213,58.89843],[11.50494,58.88113],[11.64994,58.91877],[11.70465,58.88628],[11.70506,58.8593],[11.68884,58.83817],[11.70476,58.82306],[11.70172,58.80145],[11.71289,58.77455],[11.69491,58.76313],[11.67954,58.71109],[11.66648,58.69237],[11.68553,58.66737],[11.66472,58.64567],[11.62953,58.64378],[11.55003,58.67447],[11.5072,58.65133],[11.51144,58.62416],[11.48555,58.60383],[11.49866,58.56147],[11.48279,58.55066],[11.4603,58.55297],[11.43225,58.5347],[11.43097,58.51159],[11.44568,58.49538],[11.327,58.46768],[11.27113,58.56274]]]}},{"type":"Feature","properties":{"KnKod":"1438","KnNamn":"Dals-Ed"},"geometry":{"type":"Polygon","coordinates":[[[11.67341,58.99495],[11.70645,59.04551],[11.77635,59.10654],[11.75475,59.12504],[11.75857,59.20879],[11.82032,59.23553],[11.89036,59.19763],[11.88936,59.15988],[11.94782,59.15279],[12.02765,59.09285],[12.03495,59.06746],[12.08182,59.02466],[12.08149,58.99408],[12.11587,58.99123],[12.11617,58.96602],[12.0874,58.95791],[12.07737,58.93302],[12.10021,58.92153],[12.06849,58.86132],[12.02711,58.86259],[11.96903,58.80194],[11.84935,58.79227],[11.82938,58.75926],[11.78535,58.77611],[11.76602,58.81803],[11.70476,58.82306],[11.68884,58.83817],[11.70506,58.8593],[11.70465,58.88628],[11.64994,58.91877],[11.67634,58.96075],[11.67341,58.99495]]]}},{"type":"Feature","properties":{"KnKod":"1439","KnNamn":"Färgelanda"},"geometry":{"type":"Polygon","coordinates":[[[11.90069,58.64326],[11.91477,58.704],[11.82826,58.72991],[11.82938,58.75926],[11.84935,58.79227],[11.96903,58.80194],[12.00737,58.78581],[12.1059,58.80079],[12.18132,58.76006],[12.21027,58.69855],[12.16378,58.63943],[12.1236,58.61131],[12.09723,58.50955],[12.06323,58.48362],[12.07185,58.44256],[11.96153,58.46333],[11.92069,58.44927],[11.89443,58.47433],[11.87093,58.5074],[11.90676,58.52074],[11.84036,58.53889],[11.83546,58.61457],[11.90069,58.64326]]]}},{"type":"Feature","properties":{"KnKod":"1440","KnNamn":"Ale"},"geometry":{"type":"Polygon","coordinates":[[[12.1512,58.01912],[12.18399,58.02955],[12.20613,58.02656],[12.23169,58.02958],[12.24456,58.04074],[12.25105,58.05597],[12.32929,58.09183],[12.33822,58.11356],[12.36095,58.12188],[12.39395,58.11434],[12.42482,58.09606],[12.41599,58.08023],[12.38087,58.06139],[12.36945,58.04495],[12.36959,58.03263],[12.40322,58.00159],[12.36741,57.98059],[12.32462,57.97112],[12.30711,57.94589],[12.30055,57.90975],[12.29604,57.8946],[12.27185,57.88842],[12.20867,57.87608],[12.15977,57.85972],[12.10679,57.84519],[12.07079,57.82944],[12.03122,57.8098],[12.02994,57.82262],[12.0245,57.85029],[12.09124,57.93252],[12.12362,57.95617],[12.13537,57.96783],[12.12917,57.98048],[12.1512,58.01912]]]}},{"type":"Feature","properties":{"KnKod":"1441","KnNamn":"Lerum"},"geometry":{"type":"Polygon","coordinates":[[[12.39089,57.73277],[12.21459,57.72393],[12.19606,57.72882],[12.18973,57.7436],[12.20303,57.74889],[12.18321,57.77035],[12.22645,57.7931],[12.19529,57.80917],[12.1876,57.83783],[12.15977,57.85972],[12.20867,57.87608],[12.27185,57.88842],[12.29604,57.8946],[12.30055,57.90975],[12.30711,57.94589],[12.32462,57.97112],[12.36741,57.98059],[12.40322,58.00159],[12.45193,58.00105],[12.4826,57.99132],[12.4361,57.95606],[12.41632,57.93345],[12.40504,57.90468],[12.40062,57.88792],[12.40622,57.88061],[12.4231,57.8801],[12.43171,57.87234],[12.4375,57.82967],[12.49042,57.78961],[12.48934,57.77939],[12.43827,57.72843],[12.39089,57.73277]]]}},{"type":"Feature","properties":{"KnKod":"1442","KnNamn":"Vårgårda"},"geometry":{"type":"Polygon","coordinates":[[[12.66833,57.85352],[12.64415,57.96012],[12.59475,57.9691],[12.55257,58.0066],[12.59617,58.05368],[12.70725,58.08989],[12.83798,58.11148],[12.91025,58.11115],[12.8953,58.0859],[12.86082,58.0818],[12.873,58.04891],[12.95789,58.02765],[12.97503,57.96033],[12.92083,57.92819],[12.88152,57.9207],[12.80552,57.86052],[12.66833,57.85352]]]}},{"type":"Feature","properties":{"KnKod":"1443","KnNamn":"Bollebygd"},"geometry":{"type":"Polygon","coordinates":[[[12.51741,57.75732],[12.5979,57.8049],[12.58709,57.82513],[12.66833,57.85352],[12.7641,57.85742],[12.76281,57.83373],[12.73598,57.82081],[12.70528,57.8148],[12.69807,57.80323],[12.73553,57.78749],[12.71337,57.73962],[12.69784,57.7296],[12.72698,57.71453],[12.76255,57.70049],[12.75705,57.68809],[12.76388,57.68475],[12.63341,57.64209],[12.65095,57.62265],[12.56668,57.61801],[12.47739,57.72435],[12.43827,57.72843],[12.48025,57.76965],[12.51741,57.75732]]]}},{"type":"Feature","properties":{"KnKod":"1444","KnNamn":"Grästorp"},"geometry":{"type":"Polygon","coordinates":[[[12.57845,58.22177],[12.52816,58.22713],[12.56861,58.27433],[12.5512,58.29655],[12.49461,58.29791],[12.45355,58.33054],[12.50637,58.36833],[12.63395,58.40212],[12.70983,58.38275],[12.83812,58.41948],[12.8393,58.38041],[12.79536,58.35982],[12.7871,58.32591],[12.83306,58.28998],[12.81643,58.26899],[12.77341,58.27778],[12.73461,58.26839],[12.69234,58.28253],[12.67841,58.25602],[12.57845,58.22177]]]}},{"type":"Feature","properties":{"KnKod":"1445","KnNamn":"Essunga"},"geometry":{"type":"Polygon","coordinates":[[[12.68246,58.13881],[12.69896,58.15983],[12.65904,58.19009],[12.57618,58.18043],[12.52648,58.193],[12.52816,58.22713],[12.57845,58.22177],[12.67841,58.25602],[12.69234,58.28253],[12.73461,58.26839],[12.77341,58.27778],[12.81643,58.26899],[12.84807,58.24841],[12.81658,58.22067],[12.8957,58.18701],[12.9053,58.17384],[12.85579,58.15905],[12.92519,58.13854],[12.9355,58.11643],[12.91025,58.11115],[12.83798,58.11148],[12.70725,58.08989],[12.68246,58.13881]]]}},{"type":"Feature","properties":{"KnKod":"1446","KnNamn":"Karlsborg"},"geometry":{"type":"Polygon","coordinates":[[[14.27025,58.72105],[14.36579,58.73269],[14.40245,58.79916],[14.45764,58.79716],[14.46815,58.72436],[14.53764,58.7245],[14.54625,58.69694],[14.59644,58.70525],[14.62508,58.74537],[14.68429,58.74595],[14.72147,58.70178],[14.67133,58.66872],[14.58779,58.64768],[14.54189,58.62472],[14.54037,58.58145],[14.53276,58.54212],[14.49038,58.48286],[14.45023,58.47041],[14.39767,58.40441],[14.30058,58.40435],[14.31393,58.43921],[14.36111,58.47119],[14.33105,58.53042],[14.32617,58.56556],[14.33533,58.58977],[14.32364,58.61921],[14.27306,58.62526],[14.28376,58.68251],[14.24844,58.69684],[14.27025,58.72105]]]}},{"type":"Feature","properties":{"KnKod":"1447","KnNamn":"Gullspång"},"geometry":{"type":"Polygon","coordinates":[[[14.00479,58.89824],[14.02192,58.95458],[14.00272,59.00236],[14.11686,59.041],[14.21017,59.04225],[14.26796,58.99974],[14.3084,58.89301],[14.37041,58.87012],[14.32677,58.83415],[14.27596,58.82546],[14.2141,58.82839],[14.20192,58.80009],[14.13278,58.80092],[14.12968,58.89731],[14.00479,58.89824]]]}},{"type":"Feature","properties":{"KnKod":"1452","KnNamn":"Tranemo"},"geometry":{"type":"Polygon","coordinates":[[[13.29301,57.68205],[13.30835,57.62974],[13.33329,57.61788],[13.36185,57.6293],[13.40643,57.61478],[13.46769,57.62118],[13.53591,57.6705],[13.60896,57.64566],[13.70745,57.70739],[13.7368,57.6688],[13.72205,57.6406],[13.67643,57.62823],[13.67289,57.60674],[13.68209,57.56124],[13.66741,57.53304],[13.62108,57.51528],[13.50829,57.41567],[13.48606,57.38058],[13.43009,57.36317],[13.42973,57.33974],[13.38545,57.33264],[13.36918,57.3135],[13.29351,57.30349],[13.24746,57.29882],[13.22379,57.31783],[13.25594,57.33271],[13.25536,57.37239],[13.21682,57.38121],[13.23082,57.40766],[13.23518,57.43632],[13.20926,57.44099],[13.21003,57.468],[13.25694,57.46966],[13.28065,57.51554],[13.24443,57.54047],[13.18943,57.53012],[13.14265,57.55187],[13.21582,57.64499],[13.29301,57.68205]]]}},{"type":"Feature","properties":{"KnKod":"1460","KnNamn":"Bengtsfors"},"geometry":{"type":"Polygon","coordinates":[[[12.0874,58.95791],[12.11617,58.96602],[12.11587,58.99123],[12.08149,58.99408],[12.08182,59.02466],[12.03495,59.06746],[12.02765,59.09285],[11.94782,59.15279],[11.88936,59.15988],[11.89036,59.19763],[11.82032,59.23553],[11.94833,59.26237],[12.08448,59.19705],[12.06197,59.27159],[12.23104,59.27357],[12.26764,59.20213],[12.34642,59.18698],[12.42146,59.19712],[12.46443,59.14489],[12.41416,59.09152],[12.40652,58.95677],[12.44139,58.93221],[12.43513,58.85141],[12.40548,58.8452],[12.37198,58.8535],[12.26171,58.85709],[12.22013,58.82961],[12.2552,58.7799],[12.18132,58.76006],[12.1059,58.80079],[12.00737,58.78581],[11.96903,58.80194],[12.02711,58.86259],[12.06849,58.86132],[12.10021,58.92153],[12.07737,58.93302],[12.0874,58.95791]]]}},{"type":"Feature","properties":{"KnKod":"1461","KnNamn":"Mellerud"},"geometry":{"type":"Polygon","coordinates":[[[12.54686,58.6658],[12.64963,58.66222],[12.67135,58.64524],[12.62334,58.62173],[12.56634,58.5823],[12.52597,58.53809],[12.42228,58.58362],[12.38715,58.5776],[12.16378,58.63943],[12.21027,58.69855],[12.18132,58.76006],[12.2552,58.7799],[12.22013,58.82961],[12.26171,58.85709],[12.37198,58.8535],[12.40548,58.8452],[12.43513,58.85141],[12.55855,58.80943],[12.49293,58.75046],[12.49886,58.69265],[12.54686,58.6658]]]}},{"type":"Feature","properties":{"KnKod":"1462","KnNamn":"Lilla Edet"},"geometry":{"type":"Polygon","coordinates":[[[12.1512,58.01912],[12.05161,58.03436],[12.05652,58.06151],[12.03845,58.09247],[12.04251,58.11138],[12.02792,58.12747],[11.99807,58.13992],[11.98423,58.16936],[12.01616,58.18097],[12.02617,58.20764],[12.1068,58.25552],[12.14272,58.29773],[12.16865,58.2889],[12.17504,58.27466],[12.23871,58.25809],[12.17525,58.21143],[12.17995,58.19391],[12.17611,58.16163],[12.23305,58.12983],[12.36095,58.12188],[12.33822,58.11356],[12.32929,58.09183],[12.25105,58.05597],[12.24456,58.04074],[12.23169,58.02958],[12.20613,58.02656],[12.18399,58.02955],[12.1512,58.01912]]]}},{"type":"Feature","properties":{"KnKod":"1463","KnNamn":"Mark"},"geometry":{"type":"Polygon","coordinates":[[[12.65291,57.33769],[12.52764,57.32248],[12.50545,57.28001],[12.42793,57.27199],[12.43079,57.32055],[12.39572,57.34196],[12.41175,57.41091],[12.39716,57.4431],[12.38162,57.45276],[12.35573,57.45779],[12.34493,57.46921],[12.35461,57.49204],[12.34394,57.51258],[12.32676,57.52915],[12.34286,57.56774],[12.28404,57.60418],[12.36036,57.63476],[12.38659,57.61635],[12.42036,57.62336],[12.46358,57.61246],[12.51523,57.61736],[12.56668,57.61801],[12.65095,57.62265],[12.63968,57.58881],[12.69086,57.54545],[12.78784,57.59228],[12.87393,57.56011],[12.96479,57.57438],[12.85276,57.46241],[12.86116,57.45128],[12.89785,57.45167],[12.87796,57.42902],[12.89422,57.40316],[12.87157,57.38422],[12.89824,57.36156],[12.79867,57.28908],[12.70549,57.33211],[12.65291,57.33769]]]}},{"type":"Feature","properties":{"KnKod":"1465","KnNamn":"Svenljunga"},"geometry":{"type":"Polygon","coordinates":[[[13.23082,57.40766],[13.21682,57.38121],[13.25536,57.37239],[13.25594,57.33271],[13.22379,57.31783],[13.24746,57.29882],[13.29351,57.30349],[13.27273,57.24728],[13.22774,57.25637],[13.19789,57.23419],[13.18048,57.18444],[13.13331,57.14914],[13.1009,57.16069],[13.07278,57.14922],[13.04756,57.15744],[13.05729,57.17868],[13.01206,57.1859],[12.94123,57.1761],[12.93224,57.22872],[12.95329,57.2369],[12.93106,57.26659],[12.85833,57.26763],[12.79867,57.28908],[12.89824,57.36156],[12.87157,57.38422],[12.89422,57.40316],[12.87796,57.42902],[12.89785,57.45167],[12.86116,57.45128],[12.85276,57.46241],[12.96479,57.57438],[13.10514,57.63627],[13.10917,57.66314],[13.16406,57.67174],[13.21582,57.64499],[13.14265,57.55187],[13.18943,57.53012],[13.24443,57.54047],[13.28065,57.51554],[13.25694,57.46966],[13.21003,57.468],[13.20926,57.44099],[13.23518,57.43632],[13.23082,57.40766]]]}},{"type":"Feature","properties":{"KnKod":"1466","KnNamn":"Herrljunga"},"geometry":{"type":"Polygon","coordinates":[[[13.17854,58.07664],[13.23129,58.08892],[13.30342,58.07335],[13.31043,58.00998],[13.36704,57.98299],[13.3423,57.95459],[13.27379,57.94841],[13.2199,57.90555],[13.11842,57.88862],[13.10513,57.90477],[12.99599,57.89647],[12.92083,57.92819],[12.97503,57.96033],[12.95789,58.02765],[12.873,58.04891],[12.86082,58.0818],[12.8953,58.0859],[12.91025,58.11115],[12.9355,58.11643],[12.99671,58.10724],[13.13091,58.11998],[13.1925,58.13073],[13.17854,58.07664]]]}},{"type":"Feature","properties":{"KnKod":"1470","KnNamn":"Vara"},"geometry":{"type":"Polygon","coordinates":[[[13.20609,58.35125],[13.25023,58.34227],[13.25425,58.30245],[13.33616,58.30271],[13.40105,58.27479],[13.35641,58.23699],[13.29442,58.18908],[13.24346,58.18935],[13.23313,58.14472],[13.1925,58.13073],[13.13091,58.11998],[12.99671,58.10724],[12.9355,58.11643],[12.92519,58.13854],[12.85579,58.15905],[12.9053,58.17384],[12.8957,58.18701],[12.81658,58.22067],[12.84807,58.24841],[12.81643,58.26899],[12.83306,58.28998],[12.7871,58.32591],[12.79536,58.35982],[12.8393,58.38041],[12.91501,58.38418],[12.97159,58.32799],[13.02151,58.34229],[13.13688,58.33779],[13.17283,58.32735],[13.20609,58.35125]]]}},{"type":"Feature","properties":{"KnKod":"1471","KnNamn":"Götene"},"geometry":{"type":"Polygon","coordinates":[[[13.59418,58.64523],[13.62255,58.62958],[13.5818,58.59167],[13.62812,58.58067],[13.68397,58.58547],[13.6934,58.55995],[13.61855,58.48251],[13.5536,58.46306],[13.42815,58.45032],[13.42244,58.43614],[13.32886,58.43638],[13.30194,58.47534],[13.25524,58.49825],[13.30163,58.5168],[13.31925,58.56294],[13.34461,58.61418],[13.43276,58.64841],[13.52871,58.66603],[13.61286,58.69491],[13.59418,58.64523]]]}},{"type":"Feature","properties":{"KnKod":"1472","KnNamn":"Tibro"},"geometry":{"type":"Polygon","coordinates":[[[14.13401,58.51819],[14.22847,58.53356],[14.32617,58.56556],[14.33105,58.53042],[14.36111,58.47119],[14.31393,58.43921],[14.30058,58.40435],[14.27438,58.39239],[14.26907,58.36377],[14.19489,58.35109],[14.14027,58.3579],[14.07246,58.39297],[14.05526,58.44971],[14.1048,58.45822],[14.10318,58.48717],[14.13401,58.51819]]]}},{"type":"Feature","properties":{"KnKod":"1473","KnNamn":"Töreboda"},"geometry":{"type":"Polygon","coordinates":[[[14.01532,58.61032],[13.93543,58.59353],[13.90537,58.61172],[13.97243,58.67904],[13.92672,58.69374],[13.93213,58.72415],[14.01288,58.73131],[14.03731,58.75183],[14.01288,58.78904],[14.06339,58.7813],[14.13278,58.80092],[14.20192,58.80009],[14.2141,58.82839],[14.27596,58.82546],[14.32677,58.83415],[14.40245,58.79916],[14.36579,58.73269],[14.27025,58.72105],[14.24844,58.69684],[14.28376,58.68251],[14.27306,58.62526],[14.32364,58.61921],[14.33533,58.58977],[14.32617,58.56556],[14.22847,58.53356],[14.13401,58.51819],[14.08176,58.52064],[14.01532,58.61032]]]}},{"type":"Feature","properties":{"KnKod":"1480","KnNamn":"Göteborg"},"geometry":{"type":"Polygon","coordinates":[[[11.95772,57.8425],[11.9723,57.85482],[12.00782,57.85558],[12.0245,57.85029],[12.02994,57.82262],[12.03122,57.8098],[12.07079,57.82944],[12.10679,57.84519],[12.15977,57.85972],[12.1876,57.83783],[12.19529,57.80917],[12.22645,57.7931],[12.18321,57.77035],[12.16237,57.77159],[12.11159,57.76605],[12.09536,57.76065],[12.09232,57.75143],[12.09328,57.73164],[12.07083,57.72923],[12.09373,57.68002],[12.0696,57.67505],[11.9894,57.66679],[11.97653,57.6481],[12.02208,57.58599],[12.01327,57.5628],[11.94735,57.56111],[11.95148,57.58502],[11.95196,57.62845],[11.94218,57.63774],[11.92608,57.62214],[11.91329,57.6222],[11.8822,57.66606],[11.88044,57.6735],[11.88745,57.6818],[11.95786,57.70584],[11.93823,57.70512],[11.90837,57.69865],[11.89401,57.70401],[11.84933,57.69806],[11.83093,57.71344],[11.81489,57.71606],[11.80144,57.71288],[11.79692,57.69984],[11.78541,57.69671],[11.77268,57.69623],[11.75565,57.69879],[11.73171,57.71985],[11.73147,57.72869],[11.74885,57.74357],[11.78338,57.75291],[11.8191,57.76017],[11.82825,57.79196],[11.87694,57.81111],[11.90983,57.83698],[11.94152,57.83655],[11.95772,57.8425]]]}},{"type":"Feature","properties":{"KnKod":"1481","KnNamn":"Mölndal"},"geometry":{"type":"Polygon","coordinates":[[[12.0696,57.67505],[12.08816,57.65321],[12.07895,57.64698],[12.12043,57.62489],[12.14059,57.62989],[12.17392,57.63105],[12.22788,57.62168],[12.28404,57.60418],[12.20563,57.57643],[12.13827,57.56228],[12.03846,57.54961],[12.01327,57.5628],[12.02208,57.58599],[11.97653,57.6481],[11.9894,57.66679],[12.0696,57.67505]]]}},{"type":"Feature","properties":{"KnKod":"1482","KnNamn":"Kungälv"},"geometry":{"type":"MultiPolygon","coordinates":[[[[11.95772,57.8425],[11.94152,57.83655],[11.90983,57.83698],[11.87694,57.81111],[11.82825,57.79196],[11.80789,57.79137],[11.77856,57.78865],[11.76636,57.79194],[11.76013,57.81314],[11.75136,57.82085],[11.72942,57.8318],[11.71655,57.84095],[11.722,57.85457],[11.74112,57.86977],[11.75255,57.88307],[11.76039,57.90213],[11.7904,57.9365],[11.77629,57.94775],[11.77584,57.96114],[11.78168,57.97118],[11.86391,57.96338],[11.99135,57.96913],[12.00008,57.9807],[12.00235,57.99739],[12.0077,58.00348],[12.02243,58.00509],[12.05161,58.03436],[12.1512,58.01912],[12.12917,57.98048],[12.13537,57.96783],[12.12362,57.95617],[12.09124,57.93252],[12.0245,57.85029],[12.00782,57.85558],[11.9723,57.85482],[11.95772,57.8425]]],[[[11.67008,57.90348],[11.71373,57.90302],[11.70123,57.88163],[11.62936,57.86008],[11.59835,57.87172],[11.63111,57.89767],[11.67008,57.90348]]]]}},{"type":"Feature","properties":{"KnKod":"1484","KnNamn":"Lysekil"},"geometry":{"type":"MultiPolygon","coordinates":[[[[11.45321,58.2655],[11.44832,58.27317],[11.46455,58.28289],[11.47142,58.30056],[11.44717,58.30278],[11.42918,58.30863],[11.43738,58.32619],[11.44542,58.34756],[11.41472,58.34255],[11.41381,58.37388],[11.48499,58.46425],[11.54033,58.48164],[11.57931,58.47566],[11.61904,58.39537],[11.62723,58.37135],[11.55973,58.31152],[11.53695,58.30172],[11.51296,58.28114],[11.49356,58.26965],[11.45321,58.2655]]],[[[11.55037,58.25643],[11.55087,58.2476],[11.50983,58.22652],[11.4912,58.21328],[11.48214,58.20093],[11.43917,58.19867],[11.43161,58.20474],[11.45583,58.22914],[11.47115,58.24186],[11.49987,58.24627],[11.52534,58.25645],[11.54911,58.27204],[11.56354,58.28472],[11.56902,58.27003],[11.55037,58.25643]]]]}},{"type":"Feature","properties":{"KnKod":"1485","KnNamn":"Uddevalla"},"geometry":{"type":"Polygon","coordinates":[[[11.6584,58.26754],[11.63428,58.25739],[11.55087,58.2476],[11.55037,58.25643],[11.56902,58.27003],[11.56354,58.28472],[11.55973,58.31152],[11.62723,58.37135],[11.61904,58.39537],[11.69719,58.42125],[11.7281,58.41439],[11.82815,58.43744],[11.85834,58.42785],[11.96153,58.46333],[12.07185,58.44256],[12.13928,58.40746],[12.15655,58.38172],[12.12062,58.33967],[12.14272,58.29773],[12.1068,58.25552],[12.02617,58.20764],[12.01616,58.18097],[11.98423,58.16936],[11.99807,58.13992],[11.94951,58.14339],[11.93415,58.15676],[11.88366,58.16242],[11.87647,58.18564],[11.89571,58.18936],[11.91905,58.20426],[11.92,58.22063],[11.88978,58.21986],[11.887,58.2417],[11.86604,58.26261],[11.83336,58.28928],[11.83952,58.30208],[11.87893,58.3269],[11.81689,58.32455],[11.7714,58.33173],[11.73373,58.32853],[11.7537,58.31701],[11.74417,58.30681],[11.70502,58.3066],[11.6841,58.283],[11.6584,58.26754]]]}},{"type":"Feature","properties":{"KnKod":"1486","KnNamn":"Strömstad"},"geometry":{"type":"Polygon","coordinates":[[[11.35024,58.87344],[11.32916,58.87096],[11.31935,58.85984],[11.25514,58.86042],[11.1795,58.83475],[11.17193,58.85802],[11.13161,58.90942],[11.1317,58.92443],[11.13635,58.92785],[11.1603,58.92403],[11.17328,58.92619],[11.17102,58.93574],[11.14192,58.95543],[11.1342,58.96744],[11.13145,59.01184],[11.21142,59.0897],[11.25274,59.09517],[11.27845,59.10267],[11.31566,59.11651],[11.3594,59.11132],[11.45492,59.01809],[11.44501,58.92335],[11.45213,58.89843],[11.44394,58.88202],[11.37026,58.85172],[11.35024,58.87344]]]}},{"type":"Feature","properties":{"KnKod":"1487","KnNamn":"Vänersborg"},"geometry":{"type":"Polygon","coordinates":[[[12.33511,58.31113],[12.27905,58.32557],[12.1987,58.31019],[12.14272,58.29773],[12.12062,58.33967],[12.15655,58.38172],[12.13928,58.40746],[12.07185,58.44256],[12.06323,58.48362],[12.09723,58.50955],[12.1236,58.61131],[12.16378,58.63943],[12.38715,58.5776],[12.42228,58.58362],[12.52597,58.53809],[12.46542,58.49575],[12.38636,58.46782],[12.32917,58.42291],[12.32861,58.39234],[12.41992,58.38568],[12.45607,58.40066],[12.5134,58.39509],[12.59467,58.46428],[12.65258,58.46223],[12.63395,58.40212],[12.50637,58.36833],[12.45355,58.33054],[12.49461,58.29791],[12.39901,58.25318],[12.38222,58.28074],[12.33511,58.31113]]]}},{"type":"Feature","properties":{"KnKod":"1488","KnNamn":"Trollhättan"},"geometry":{"type":"Polygon","coordinates":[[[12.33511,58.31113],[12.38222,58.28074],[12.39901,58.25318],[12.49461,58.29791],[12.5512,58.29655],[12.56861,58.27433],[12.52816,58.22713],[12.52648,58.193],[12.51241,58.18354],[12.45526,58.16402],[12.4667,58.13653],[12.42482,58.09606],[12.39395,58.11434],[12.36095,58.12188],[12.23305,58.12983],[12.17611,58.16163],[12.17995,58.19391],[12.17525,58.21143],[12.23871,58.25809],[12.17504,58.27466],[12.16865,58.2889],[12.14272,58.29773],[12.1987,58.31019],[12.27905,58.32557],[12.33511,58.31113]]]}},{"type":"Feature","properties":{"KnKod":"1489","KnNamn":"Alingsås"},"geometry":{"type":"Polygon","coordinates":[[[12.45193,58.00105],[12.40322,58.00159],[12.36959,58.03263],[12.36945,58.04495],[12.38087,58.06139],[12.41599,58.08023],[12.42482,58.09606],[12.4667,58.13653],[12.45526,58.16402],[12.51241,58.18354],[12.52648,58.193],[12.57618,58.18043],[12.65904,58.19009],[12.69896,58.15983],[12.68246,58.13881],[12.70725,58.08989],[12.59617,58.05368],[12.55257,58.0066],[12.59475,57.9691],[12.64415,57.96012],[12.66833,57.85352],[12.58709,57.82513],[12.5979,57.8049],[12.51741,57.75732],[12.48025,57.76965],[12.48934,57.77939],[12.49042,57.78961],[12.4375,57.82967],[12.43171,57.87234],[12.4231,57.8801],[12.40622,57.88061],[12.40062,57.88792],[12.40504,57.90468],[12.41632,57.93345],[12.4361,57.95606],[12.4826,57.99132],[12.45193,58.00105]]]}},{"type":"Feature","properties":{"KnKod":"1490","KnNamn":"Borås"},"geometry":{"type":"Polygon","coordinates":[[[13.18318,57.77549],[13.22939,57.77],[13.22059,57.71268],[13.26672,57.70718],[13.29301,57.68205],[13.21582,57.64499],[13.16406,57.67174],[13.10917,57.66314],[13.10514,57.63627],[12.96479,57.57438],[12.87393,57.56011],[12.78784,57.59228],[12.69086,57.54545],[12.63968,57.58881],[12.65095,57.62265],[12.63341,57.64209],[12.76388,57.68475],[12.75705,57.68809],[12.76255,57.70049],[12.72698,57.71453],[12.69784,57.7296],[12.71337,57.73962],[12.73553,57.78749],[12.69807,57.80323],[12.70528,57.8148],[12.73598,57.82081],[12.76281,57.83373],[12.7641,57.85742],[12.80552,57.86052],[12.88152,57.9207],[12.92083,57.92819],[12.99599,57.89647],[13.10513,57.90477],[13.11842,57.88862],[13.11017,57.84871],[13.14735,57.82739],[13.13406,57.80631],[13.18645,57.79698],[13.18318,57.77549]]]}},{"type":"Feature","properties":{"KnKod":"1491","KnNamn":"Ulricehamn"},"geometry":{"type":"Polygon","coordinates":[[[13.29301,57.68205],[13.26672,57.70718],[13.22059,57.71268],[13.22939,57.77],[13.18318,57.77549],[13.18645,57.79698],[13.13406,57.80631],[13.14735,57.82739],[13.11017,57.84871],[13.11842,57.88862],[13.2199,57.90555],[13.27379,57.94841],[13.3423,57.95459],[13.36704,57.98299],[13.41084,57.96072],[13.48919,57.9646],[13.52609,58.00449],[13.5613,57.99216],[13.56969,57.91965],[13.61268,57.91418],[13.70887,57.93757],[13.74919,57.88287],[13.74145,57.84354],[13.74269,57.76412],[13.71093,57.7349],[13.70745,57.70739],[13.60896,57.64566],[13.53591,57.6705],[13.46769,57.62118],[13.40643,57.61478],[13.36185,57.6293],[13.33329,57.61788],[13.30835,57.62974],[13.29301,57.68205]]]}},{"type":"Feature","properties":{"KnKod":"1492","KnNamn":"Åmål"},"geometry":{"type":"Polygon","coordinates":[[[12.57438,59.13428],[12.63888,59.19515],[12.71025,59.17821],[12.76631,59.15279],[12.77259,59.07042],[12.6885,58.98677],[12.65284,58.9556],[12.63855,58.87868],[12.55855,58.80943],[12.43513,58.85141],[12.44139,58.93221],[12.40652,58.95677],[12.41416,59.09152],[12.46443,59.14489],[12.57438,59.13428]]]}},{"type":"Feature","properties":{"KnKod":"1493","KnNamn":"Mariestad"},"geometry":{"type":"Polygon","coordinates":[[[13.76848,58.53667],[13.77554,58.57784],[13.73549,58.58502],[13.6934,58.55995],[13.68397,58.58547],[13.62812,58.58067],[13.5818,58.59167],[13.62255,58.62958],[13.59418,58.64523],[13.61286,58.69491],[13.70284,58.69644],[13.77009,58.70613],[13.86047,58.74901],[13.88888,58.77299],[13.8527,58.78363],[13.78091,58.76877],[13.73664,58.75268],[13.72561,58.78923],[13.66491,58.81889],[13.68446,58.85232],[13.85523,58.83762],[13.9074,58.81906],[13.96505,58.85073],[14.00479,58.89824],[14.12968,58.89731],[14.13278,58.80092],[14.06339,58.7813],[14.01288,58.78904],[14.03731,58.75183],[14.01288,58.73131],[13.93213,58.72415],[13.92672,58.69374],[13.97243,58.67904],[13.90537,58.61172],[13.93543,58.59353],[13.88853,58.57461],[13.859,58.54347],[13.76848,58.53667]]]}},{"type":"Feature","properties":{"KnKod":"1494","KnNamn":"Lidköping"},"geometry":{"type":"Polygon","coordinates":[[[13.17283,58.32735],[13.13688,58.33779],[13.02151,58.34229],[12.97159,58.32799],[12.91501,58.38418],[12.8393,58.38041],[12.83812,58.41948],[12.70983,58.38275],[12.63395,58.40212],[12.70468,58.41895],[12.70091,58.4407],[12.77274,58.48853],[12.89099,58.50037],[12.95035,58.55398],[12.94616,58.57216],[13.01015,58.60935],[13.11361,58.70086],[13.1816,58.6946],[13.22364,58.67671],[13.13712,58.51796],[13.1761,58.50381],[13.25524,58.49825],[13.30194,58.47534],[13.32886,58.43638],[13.35012,58.41209],[13.27958,58.39875],[13.21897,58.40479],[13.17937,58.39196],[13.20609,58.35125],[13.17283,58.32735]]]}},{"type":"Feature","properties":{"KnKod":"1495","KnNamn":"Skara"},"geometry":{"type":"Polygon","coordinates":[[[13.74647,58.38797],[13.66753,58.36619],[13.68518,58.34918],[13.60686,58.3508],[13.55404,58.32062],[13.50348,58.32457],[13.47305,58.28439],[13.40105,58.27479],[13.33616,58.30271],[13.25425,58.30245],[13.25023,58.34227],[13.20609,58.35125],[13.17937,58.39196],[13.21897,58.40479],[13.27958,58.39875],[13.35012,58.41209],[13.32886,58.43638],[13.42244,58.43614],[13.42815,58.45032],[13.5536,58.46306],[13.61855,58.48251],[13.68321,58.45928],[13.72746,58.45734],[13.77305,58.42346],[13.74647,58.38797]]]}},{"type":"Feature","properties":{"KnKod":"1496","KnNamn":"Skövde"},"geometry":{"type":"Polygon","coordinates":[[[14.01532,58.61032],[14.08176,58.52064],[14.13401,58.51819],[14.10318,58.48717],[14.1048,58.45822],[14.05526,58.44971],[14.07246,58.39297],[14.14027,58.3579],[14.11981,58.33301],[14.08656,58.33819],[14.0719,58.31361],[14.02108,58.31599],[13.96718,58.27518],[13.88632,58.24822],[13.8448,58.25131],[13.83283,58.27409],[13.87967,58.30804],[13.74753,58.31398],[13.71091,58.29936],[13.6622,58.31413],[13.68615,58.33472],[13.73793,58.33785],[13.7789,58.35767],[13.79399,58.38585],[13.77305,58.42346],[13.72746,58.45734],[13.68321,58.45928],[13.61855,58.48251],[13.6934,58.55995],[13.73549,58.58502],[13.77554,58.57784],[13.76848,58.53667],[13.859,58.54347],[13.88853,58.57461],[13.93543,58.59353],[14.01532,58.61032]]]}},{"type":"Feature","properties":{"KnKod":"1497","KnNamn":"Hjo"},"geometry":{"type":"Polygon","coordinates":[[[14.0721,58.25768],[14.03087,58.256],[14.01715,58.27468],[13.96718,58.27518],[14.02108,58.31599],[14.0719,58.31361],[14.08656,58.33819],[14.11981,58.33301],[14.14027,58.3579],[14.19489,58.35109],[14.26907,58.36377],[14.27438,58.39239],[14.30058,58.40435],[14.39767,58.40441],[14.3515,58.34712],[14.28119,58.30001],[14.25412,58.22733],[14.21923,58.18571],[14.21303,58.14569],[14.11324,58.15166],[14.10512,58.19477],[14.12796,58.20812],[14.15054,58.25757],[14.0845,58.26972],[14.0721,58.25768]]]}},{"type":"Feature","properties":{"KnKod":"1498","KnNamn":"Tidaholm"},"geometry":{"type":"Polygon","coordinates":[[[14.0721,58.25768],[14.0845,58.26972],[14.15054,58.25757],[14.12796,58.20812],[14.10512,58.19477],[14.11324,58.15166],[14.11422,58.07524],[14.07178,58.04657],[14.0686,58.02868],[13.96017,58.00941],[13.95097,58.03419],[13.87583,58.05028],[13.84675,58.03897],[13.79845,58.05379],[13.77634,58.04998],[13.74797,58.0759],[13.74788,58.11558],[13.71534,58.14408],[13.75241,58.16227],[13.7763,58.20269],[13.75352,58.22895],[13.8448,58.25131],[13.88632,58.24822],[13.96718,58.27518],[14.01715,58.27468],[14.03087,58.256],[14.0721,58.25768]]]}},{"type":"Feature","properties":{"KnKod":"1499","KnNamn":"Falköping"},"geometry":{"type":"Polygon","coordinates":[[[13.17854,58.07664],[13.1925,58.13073],[13.23313,58.14472],[13.24346,58.18935],[13.29442,58.18908],[13.35641,58.23699],[13.40105,58.27479],[13.47305,58.28439],[13.50348,58.32457],[13.55404,58.32062],[13.60686,58.3508],[13.68518,58.34918],[13.66753,58.36619],[13.74647,58.38797],[13.77305,58.42346],[13.79399,58.38585],[13.7789,58.35767],[13.73793,58.33785],[13.68615,58.33472],[13.6622,58.31413],[13.71091,58.29936],[13.74753,58.31398],[13.87967,58.30804],[13.83283,58.27409],[13.8448,58.25131],[13.75352,58.22895],[13.7763,58.20269],[13.75241,58.16227],[13.71534,58.14408],[13.74788,58.11558],[13.74797,58.0759],[13.77634,58.04998],[13.75785,58.01414],[13.70845,57.98208],[13.70887,57.93757],[13.61268,57.91418],[13.56969,57.91965],[13.5613,57.99216],[13.52609,58.00449],[13.48919,57.9646],[13.41084,57.96072],[13.36704,57.98299],[13.31043,58.00998],[13.30342,58.07335],[13.23129,58.08892],[13.17854,58.07664]]]}},{"type":"Feature","properties":{"KnKod":"1715","KnNamn":"Kil"},"geometry":{"type":"Polygon","coordinates":[[[13.15437,59.48096],[13.06195,59.53139],[12.94174,59.5581],[12.98884,59.61165],[13.05332,59.61466],[13.025,59.66262],[13.08067,59.66173],[13.16637,59.65547],[13.35079,59.67232],[13.37391,59.59503],[13.43458,59.57454],[13.38147,59.4991],[13.21874,59.51276],[13.15437,59.48096]]]}},{"type":"Feature","properties":{"KnKod":"1730","KnNamn":"Eda"},"geometry":{"type":"Polygon","coordinates":[[[12.4334,59.92473],[12.44907,59.90802],[12.46247,59.84811],[12.48374,59.82037],[12.36766,59.7809],[12.28992,59.65005],[12.2946,59.59465],[12.18354,59.62454],[12.13219,59.6117],[12.0151,59.64222],[11.94206,59.7254],[11.93252,59.78511],[11.86477,59.84647],[11.97169,59.90283],[12.05584,59.88777],[12.16092,59.89723],[12.22308,59.93497],[12.34932,59.96707],[12.38056,60.01292],[12.44764,60.03898],[12.48506,59.98792],[12.47082,59.93613],[12.4334,59.92473]]]}},{"type":"Feature","properties":{"KnKod":"1737","KnNamn":"Torsby"},"geometry":{"type":"Polygon","coordinates":[[[12.58732,60.08546],[12.58479,60.13601],[12.50617,60.13319],[12.54118,60.18612],[12.49896,60.32623],[12.60952,60.41453],[12.60298,60.52286],[12.50821,60.60343],[12.51131,60.65198],[12.39201,60.74582],[12.33588,60.84843],[12.3419,60.89329],[12.23283,61.01905],[12.48611,61.05276],[12.61526,61.04686],[12.67635,61.05808],[12.70242,61.00796],[13.17549,60.76609],[13.20503,60.69827],[13.26015,60.69801],[13.30525,60.63678],[13.4373,60.52706],[13.49692,60.44713],[13.56794,60.42143],[13.51104,60.37982],[13.47664,60.2621],[13.37487,60.23905],[13.28832,60.19731],[13.20899,60.22199],[13.15982,60.18597],[13.24055,60.12519],[13.08245,60.06082],[13.05735,60.08518],[12.9248,60.04313],[12.80882,60.11214],[12.58732,60.08546]]]}},{"type":"Feature","properties":{"KnKod":"1760","KnNamn":"Storfors"},"geometry":{"type":"Polygon","coordinates":[[[14.02746,59.49019],[14.03101,59.56227],[14.06164,59.60002],[14.18437,59.60886],[14.29198,59.61287],[14.36763,59.59845],[14.38718,59.5704],[14.4601,59.5916],[14.46346,59.53241],[14.41727,59.54187],[14.39802,59.51569],[14.46297,59.4475],[14.3754,59.39752],[14.31878,59.32298],[14.21645,59.36169],[14.2504,59.44863],[14.1503,59.44425],[14.02746,59.49019]]]}},{"type":"Feature","properties":{"KnKod":"1761","KnNamn":"Hammarö"},"geometry":{"type":"Polygon","coordinates":[[[13.57839,59.30876],[13.50504,59.27031],[13.43764,59.33985],[13.51486,59.37277],[13.60507,59.35577],[13.57839,59.30876]]]}},{"type":"Feature","properties":{"KnKod":"1762","KnNamn":"Munkfors"},"geometry":{"type":"Polygon","coordinates":[[[13.36364,59.7957],[13.35101,59.85032],[13.37773,59.88233],[13.49406,59.89152],[13.55197,59.87292],[13.62443,59.87715],[13.61771,59.81666],[13.45014,59.75615],[13.38227,59.76369],[13.36364,59.7957]]]}},{"type":"Feature","properties":{"KnKod":"1763","KnNamn":"Forshaga"},"geometry":{"type":"Polygon","coordinates":[[[13.54329,59.50153],[13.49686,59.49983],[13.38147,59.4991],[13.43458,59.57454],[13.37391,59.59503],[13.35079,59.67232],[13.38227,59.76369],[13.45014,59.75615],[13.61771,59.81666],[13.62462,59.79412],[13.68404,59.779],[13.58361,59.67852],[13.62003,59.64091],[13.62909,59.56833],[13.58844,59.55921],[13.54574,59.53751],[13.54329,59.50153]]]}},{"type":"Feature","properties":{"KnKod":"1764","KnNamn":"Grums"},"geometry":{"type":"Polygon","coordinates":[[[12.82502,59.48781],[12.87049,59.55648],[12.94174,59.5581],[13.06195,59.53139],[13.15437,59.48096],[13.14906,59.35312],[13.15409,59.27897],[13.10041,59.25038],[12.99381,59.24359],[12.92544,59.25697],[12.89568,59.29411],[12.91879,59.40327],[12.85494,59.44226],[12.82502,59.48781]]]}},{"type":"Feature","properties":{"KnKod":"1765","KnNamn":"Årjäng"},"geometry":{"type":"Polygon","coordinates":[[[12.06197,59.27159],[12.08448,59.19705],[11.94833,59.26237],[11.82032,59.23553],[11.81704,59.3436],[11.7796,59.38608],[11.74543,59.48966],[11.69625,59.58823],[11.74458,59.63913],[11.8565,59.65401],[11.88552,59.6892],[11.94206,59.7254],[12.0151,59.64222],[12.13219,59.6117],[12.18354,59.62454],[12.2946,59.59465],[12.31466,59.51233],[12.28253,59.4557],[12.42437,59.45832],[12.49918,59.4186],[12.45254,59.29881],[12.5015,59.21787],[12.46443,59.14489],[12.42146,59.19712],[12.34642,59.18698],[12.26764,59.20213],[12.23104,59.27357],[12.06197,59.27159]]]}},{"type":"Feature","properties":{"KnKod":"1766","KnNamn":"Sunne"},"geometry":{"type":"Polygon","coordinates":[[[13.36364,59.7957],[13.38227,59.76369],[13.35079,59.67232],[13.16637,59.65547],[13.08067,59.66173],[13.052,59.69948],[12.90302,59.77707],[12.88674,59.81191],[12.80812,59.86159],[12.70399,59.88505],[12.69002,59.93781],[12.74519,59.97195],[12.71075,60.0074],[12.61559,60.02144],[12.58732,60.08546],[12.80882,60.11214],[12.9248,60.04313],[13.05735,60.08518],[13.08245,60.06082],[13.24055,60.12519],[13.285,60.04232],[13.32517,60.00107],[13.37773,59.88233],[13.35101,59.85032],[13.36364,59.7957]]]}},{"type":"Feature","properties":{"KnKod":"1780","KnNamn":"Karlstad"},"geometry":{"type":"Polygon","coordinates":[[[13.54329,59.50153],[13.54574,59.53751],[13.58844,59.55921],[13.62909,59.56833],[13.62003,59.64091],[13.58361,59.67852],[13.68404,59.779],[13.76849,59.78444],[13.94957,59.5906],[14.03101,59.56227],[14.02746,59.49019],[14.01125,59.43975],[13.95629,59.42959],[13.895,59.40343],[13.88701,59.33817],[13.81437,59.36725],[13.74534,59.33595],[13.69246,59.37793],[13.60507,59.35577],[13.51486,59.37277],[13.43764,59.33985],[13.38085,59.37463],[13.28407,59.36587],[13.25582,59.34354],[13.28287,59.31361],[13.22215,59.30879],[13.18316,59.33014],[13.14906,59.35312],[13.15437,59.48096],[13.21874,59.51276],[13.38147,59.4991],[13.49686,59.49983],[13.54329,59.50153]]]}},{"type":"Feature","properties":{"KnKod":"1781","KnNamn":"Kristinehamn"},"geometry":{"type":"Polygon","coordinates":[[[13.948,59.04532],[13.94703,59.09954],[14.06868,59.22946],[14.0324,59.32141],[13.94705,59.31805],[13.88701,59.33817],[13.895,59.40343],[13.95629,59.42959],[14.01125,59.43975],[14.02746,59.49019],[14.1503,59.44425],[14.2504,59.44863],[14.21645,59.36169],[14.31878,59.32298],[14.31926,59.31265],[14.28408,59.23204],[14.29946,59.18253],[14.28079,59.15812],[14.32926,59.09799],[14.26796,58.99974],[14.21017,59.04225],[14.11686,59.041],[14.14788,59.0849],[14.09577,59.1072],[14.02387,59.078],[13.98177,59.03838],[13.948,59.04532]]]}},{"type":"Feature","properties":{"KnKod":"1782","KnNamn":"Filipstad"},"geometry":{"type":"Polygon","coordinates":[[[13.90157,59.8816],[13.91766,59.95132],[13.98517,59.96641],[14.02047,60.10026],[13.96789,60.18864],[13.94948,60.26678],[14.01879,60.26828],[14.03872,60.2385],[14.1378,60.24432],[14.18658,60.1759],[14.2154,60.09873],[14.43848,60.02571],[14.46293,59.97877],[14.34314,59.95553],[14.3758,59.91967],[14.4311,59.90801],[14.41609,59.83103],[14.4376,59.7758],[14.38411,59.75847],[14.43855,59.70709],[14.42098,59.67178],[14.4601,59.5916],[14.38718,59.5704],[14.36763,59.59845],[14.29198,59.61287],[14.18437,59.60886],[14.06164,59.60002],[14.03101,59.56227],[13.94957,59.5906],[13.76849,59.78444],[13.90266,59.80753],[13.86612,59.82356],[13.8608,59.87434],[13.90157,59.8816]]]}},{"type":"Feature","properties":{"KnKod":"1783","KnNamn":"Hagfors"},"geometry":{"type":"Polygon","coordinates":[[[13.90157,59.8816],[13.8608,59.87434],[13.86612,59.82356],[13.90266,59.80753],[13.76849,59.78444],[13.68404,59.779],[13.62462,59.79412],[13.61771,59.81666],[13.62443,59.87715],[13.55197,59.87292],[13.49406,59.89152],[13.37773,59.88233],[13.32517,60.00107],[13.285,60.04232],[13.24055,60.12519],[13.15982,60.18597],[13.20899,60.22199],[13.28832,60.19731],[13.37487,60.23905],[13.47664,60.2621],[13.51104,60.37982],[13.56794,60.42143],[13.69252,60.41755],[13.8481,60.26843],[13.96789,60.18864],[14.02047,60.10026],[13.98517,59.96641],[13.91766,59.95132],[13.90157,59.8816]]]}},{"type":"Feature","properties":{"KnKod":"1784","KnNamn":"Arvika"},"geometry":{"type":"Polygon","coordinates":[[[12.58732,60.08546],[12.61559,60.02144],[12.71075,60.0074],[12.74519,59.97195],[12.69002,59.93781],[12.70399,59.88505],[12.80812,59.86159],[12.88674,59.81191],[12.90302,59.77707],[13.052,59.69948],[13.08067,59.66173],[13.025,59.66262],[13.05332,59.61466],[12.98884,59.61165],[12.94174,59.5581],[12.87049,59.55648],[12.82502,59.48781],[12.85494,59.44226],[12.77111,59.40861],[12.64704,59.40575],[12.5785,59.39549],[12.49918,59.4186],[12.42437,59.45832],[12.28253,59.4557],[12.31466,59.51233],[12.2946,59.59465],[12.28992,59.65005],[12.36766,59.7809],[12.48374,59.82037],[12.46247,59.84811],[12.44907,59.90802],[12.4334,59.92473],[12.47082,59.93613],[12.48506,59.98792],[12.44764,60.03898],[12.50617,60.13319],[12.58479,60.13601],[12.58732,60.08546]]]}},{"type":"Feature","properties":{"KnKod":"1785","KnNamn":"Säffle"},"geometry":{"type":"Polygon","coordinates":[[[12.57438,59.13428],[12.46443,59.14489],[12.5015,59.21787],[12.45254,59.29881],[12.49918,59.4186],[12.5785,59.39549],[12.64704,59.40575],[12.77111,59.40861],[12.85494,59.44226],[12.91879,59.40327],[12.89568,59.29411],[12.92544,59.25697],[12.99381,59.24359],[13.10041,59.25038],[13.16604,59.17389],[13.224,59.07239],[13.2596,58.91944],[13.21442,58.89779],[13.1074,58.92725],[13.0769,59.02581],[13.02448,59.02602],[12.9953,59.06499],[12.90647,59.05571],[12.89829,59.09567],[12.77259,59.07042],[12.76631,59.15279],[12.71025,59.17821],[12.63888,59.19515],[12.57438,59.13428]]]}},{"type":"Feature","properties":{"KnKod":"1814","KnNamn":"Lekeberg"},"geometry":{"type":"Polygon","coordinates":[[[14.57545,59.10729],[14.59133,59.12974],[14.55671,59.16374],[14.56301,59.1986],[14.5316,59.2363],[14.60634,59.25187],[14.75415,59.2633],[14.79252,59.32537],[14.86349,59.30875],[14.92861,59.25601],[14.95309,59.21499],[14.92993,59.20454],[14.94709,59.1875],[15.02084,59.20911],[15.06,59.18401],[15.0475,59.1411],[14.99056,59.13682],[14.93495,59.09455],[14.85508,59.09333],[14.75703,59.04235],[14.69991,59.03142],[14.73707,59.13558],[14.57545,59.10729]]]}},{"type":"Feature","properties":{"KnKod":"1860","KnNamn":"Laxå"},"geometry":{"type":"Polygon","coordinates":[[[14.66968,58.79553],[14.68429,58.74595],[14.62508,58.74537],[14.59644,58.70525],[14.54625,58.69694],[14.53764,58.7245],[14.46815,58.72436],[14.45764,58.79716],[14.40245,58.79916],[14.32677,58.83415],[14.37041,58.87012],[14.3084,58.89301],[14.26796,58.99974],[14.45326,59.03053],[14.46074,59.08799],[14.73707,59.13558],[14.69991,59.03142],[14.66146,59.02012],[14.66658,58.99274],[14.70621,58.98077],[14.75791,58.95363],[14.64206,58.90359],[14.62666,58.82483],[14.66968,58.79553]]]}},{"type":"Feature","properties":{"KnKod":"1861","KnNamn":"Hallsberg"},"geometry":{"type":"Polygon","coordinates":[[[14.82816,58.99526],[14.70621,58.98077],[14.66658,58.99274],[14.66146,59.02012],[14.69991,59.03142],[14.75703,59.04235],[14.85508,59.09333],[14.93495,59.09455],[14.92821,59.0732],[15.06552,59.07492],[15.07546,59.08886],[15.23367,59.10557],[15.28075,59.14458],[15.35195,59.17501],[15.38453,59.07182],[15.44573,59.04664],[15.42962,58.97335],[15.53067,58.94461],[15.56639,58.91117],[15.52352,58.87564],[15.43995,58.87682],[15.4194,58.83092],[15.38733,58.8599],[15.33919,58.84723],[15.30881,58.91681],[15.07388,59.03106],[14.94001,59.01108],[14.88254,59.02135],[14.82816,58.99526]]]}},{"type":"Feature","properties":{"KnKod":"1862","KnNamn":"Degerfors"},"geometry":{"type":"Polygon","coordinates":[[[14.4234,59.31569],[14.46093,59.29038],[14.55431,59.29843],[14.60634,59.25187],[14.5316,59.2363],[14.56301,59.1986],[14.55671,59.16374],[14.59133,59.12974],[14.57545,59.10729],[14.46074,59.08799],[14.45326,59.03053],[14.26796,58.99974],[14.32926,59.09799],[14.28079,59.15812],[14.29946,59.18253],[14.28408,59.23204],[14.31926,59.31265],[14.4234,59.31569]]]}},{"type":"Feature","properties":{"KnKod":"1863","KnNamn":"Hällefors"},"geometry":{"type":"Polygon","coordinates":[[[14.72501,59.70929],[14.76642,59.64934],[14.70259,59.59832],[14.61852,59.56999],[14.71219,59.54001],[14.70791,59.48357],[14.63847,59.50935],[14.46346,59.53241],[14.4601,59.5916],[14.42098,59.67178],[14.43855,59.70709],[14.38411,59.75847],[14.4376,59.7758],[14.41609,59.83103],[14.4311,59.90801],[14.3758,59.91967],[14.34314,59.95553],[14.46293,59.97877],[14.43848,60.02571],[14.74543,60.00292],[14.76322,59.93153],[14.90844,59.7771],[14.94256,59.72892],[14.87402,59.73789],[14.81462,59.71017],[14.72501,59.70929]]]}},{"type":"Feature","properties":{"KnKod":"1864","KnNamn":"Ljusnarsberg"},"geometry":{"type":"Polygon","coordinates":[[[14.71731,60.0947],[14.79127,60.11995],[14.84616,60.12262],[14.85301,60.08611],[14.92364,60.06082],[14.99335,60.08256],[15.01852,60.06498],[15.06656,60.06971],[15.12438,60.02507],[15.2169,59.99121],[15.13278,59.84194],[15.08946,59.82432],[15.08728,59.79731],[14.90844,59.7771],[14.76322,59.93153],[14.74543,60.00292],[14.71731,60.0947]]]}},{"type":"Feature","properties":{"KnKod":"1880","KnNamn":"Örebro"},"geometry":{"type":"Polygon","coordinates":[[[15.0602,59.18374],[15.02084,59.20911],[14.94709,59.1875],[14.92993,59.20454],[14.95309,59.21499],[14.92861,59.25601],[14.86349,59.30875],[14.79252,59.32537],[14.73928,59.36929],[14.78827,59.3897],[14.93626,59.38565],[14.99355,59.42243],[14.99942,59.46734],[15.06692,59.46738],[15.07179,59.43998],[15.14114,59.44893],[15.15742,59.51378],[15.26592,59.51635],[15.28077,59.45401],[15.41487,59.43391],[15.57945,59.42881],[15.64167,59.35401],[15.61688,59.32286],[15.55086,59.32847],[15.42215,59.3068],[15.28117,59.30922],[15.2862,59.28361],[15.42814,59.25399],[15.56095,59.279],[15.64112,59.22731],[15.60208,59.19517],[15.65314,59.15599],[15.76981,59.15004],[15.77171,59.12005],[15.67852,59.11286],[15.62634,59.06883],[15.60587,59.02475],[15.63234,59.0032],[15.53067,58.94461],[15.42962,58.97335],[15.44573,59.04664],[15.38453,59.07182],[15.35195,59.17501],[15.28424,59.19325],[15.23627,59.18323],[15.16275,59.18543],[15.0602,59.18374]]]}},{"type":"Feature","properties":{"KnKod":"1881","KnNamn":"Kumla"},"geometry":{"type":"Polygon","coordinates":[[[15.0602,59.18374],[15.16275,59.18543],[15.23627,59.18323],[15.28424,59.19325],[15.35195,59.17501],[15.28075,59.14458],[15.23367,59.10557],[15.07546,59.08886],[15.06552,59.07492],[14.92821,59.0732],[14.93495,59.09455],[14.99056,59.13682],[15.0475,59.1411],[15.0602,59.18374]]]}},{"type":"Feature","properties":{"KnKod":"1882","KnNamn":"Askersund"},"geometry":{"type":"Polygon","coordinates":[[[14.87352,58.80481],[14.81742,58.73362],[14.72147,58.70178],[14.68429,58.74595],[14.66968,58.79553],[14.62666,58.82483],[14.64206,58.90359],[14.75791,58.95363],[14.70621,58.98077],[14.82816,58.99526],[14.88254,59.02135],[14.94001,59.01108],[15.07388,59.03106],[15.30881,58.91681],[15.33919,58.84723],[15.2474,58.875],[15.18691,58.83674],[15.13441,58.83599],[15.08595,58.80428],[15.04984,58.76463],[15.0283,58.7278],[14.93958,58.69906],[14.97968,58.74491],[14.97289,58.77963],[14.94042,58.77414],[14.93721,58.82676],[14.87352,58.80481]]]}},{"type":"Feature","properties":{"KnKod":"1883","KnNamn":"Karlskoga"},"geometry":{"type":"Polygon","coordinates":[[[14.4234,59.31569],[14.31926,59.31265],[14.31878,59.32298],[14.3754,59.39752],[14.46297,59.4475],[14.39802,59.51569],[14.41727,59.54187],[14.46346,59.53241],[14.63847,59.50935],[14.70791,59.48357],[14.68178,59.42403],[14.73928,59.36929],[14.79252,59.32537],[14.75415,59.2633],[14.60634,59.25187],[14.55431,59.29843],[14.46093,59.29038],[14.4234,59.31569]]]}},{"type":"Feature","properties":{"KnKod":"1884","KnNamn":"Nora"},"geometry":{"type":"Polygon","coordinates":[[[14.99942,59.46734],[14.99355,59.42243],[14.93626,59.38565],[14.78827,59.3897],[14.73928,59.36929],[14.68178,59.42403],[14.70791,59.48357],[14.71219,59.54001],[14.61852,59.56999],[14.70259,59.59832],[14.76642,59.64934],[14.72501,59.70929],[14.81462,59.71017],[14.87402,59.73789],[14.94256,59.72892],[14.95589,59.65047],[14.99287,59.6395],[14.98385,59.59656],[15.09858,59.59954],[15.16065,59.55643],[15.15742,59.51378],[15.14114,59.44893],[15.07179,59.43998],[15.06692,59.46738],[14.99942,59.46734]]]}},{"type":"Feature","properties":{"KnKod":"1885","KnNamn":"Lindesberg"},"geometry":{"type":"Polygon","coordinates":[[[15.6134,59.52584],[15.70937,59.52995],[15.67361,59.49339],[15.70586,59.47885],[15.70751,59.42444],[15.41487,59.43391],[15.28077,59.45401],[15.26592,59.51635],[15.15742,59.51378],[15.16065,59.55643],[15.09858,59.59954],[14.98385,59.59656],[14.99287,59.6395],[14.95589,59.65047],[14.94256,59.72892],[14.90844,59.7771],[15.08728,59.79731],[15.08946,59.82432],[15.13278,59.84194],[15.2169,59.99121],[15.32464,59.92931],[15.4018,59.86115],[15.4073,59.81619],[15.4817,59.79577],[15.53476,59.70832],[15.48991,59.65775],[15.53365,59.62994],[15.59878,59.63349],[15.61053,59.59118],[15.6134,59.52584]]]}},{"type":"Feature","properties":{"KnKod":"1904","KnNamn":"Skinnskatteberg"},"geometry":{"type":"Polygon","coordinates":[[[15.82597,59.64206],[15.75751,59.65512],[15.74511,59.69387],[15.68858,59.69713],[15.63702,59.69105],[15.53476,59.70832],[15.4817,59.79577],[15.4073,59.81619],[15.4018,59.86115],[15.48158,59.90619],[15.53021,59.9614],[15.609,59.95878],[15.67799,59.94519],[15.77437,59.89499],[15.88793,59.90284],[15.92724,59.85645],[15.98625,59.80282],[15.99,59.71926],[15.95217,59.67624],[15.86759,59.66678],[15.82597,59.64206]]]}},{"type":"Feature","properties":{"KnKod":"1907","KnNamn":"Surahammar"},"geometry":{"type":"Polygon","coordinates":[[[15.99,59.71926],[15.98625,59.80282],[15.92724,59.85645],[16.10937,59.90412],[16.20983,59.86358],[16.21292,59.81808],[16.27881,59.78682],[16.2887,59.77336],[16.28806,59.7152],[16.26354,59.68265],[16.22912,59.66665],[16.17182,59.68105],[16.11978,59.65886],[15.99,59.71926]]]}},{"type":"Feature","properties":{"KnKod":"1960","KnNamn":"Kungsör"},"geometry":{"type":"Polygon","coordinates":[[[15.93851,59.49953],[15.95841,59.4784],[16.05837,59.4796],[16.08702,59.43618],[16.23084,59.44271],[16.22405,59.41504],[16.27257,59.3957],[16.2594,59.37114],[16.1353,59.35711],[16.05184,59.36404],[15.99761,59.3746],[15.97982,59.41914],[15.9155,59.41757],[15.87296,59.47325],[15.93851,59.49953]]]}},{"type":"Feature","properties":{"KnKod":"1961","KnNamn":"Hallstahammar"},"geometry":{"type":"Polygon","coordinates":[[[16.241,59.49826],[16.08375,59.62844],[16.11978,59.65886],[16.17182,59.68105],[16.22912,59.66665],[16.26354,59.68265],[16.32499,59.6063],[16.30244,59.57328],[16.3455,59.5597],[16.241,59.49826]]]}},{"type":"Feature","properties":{"KnKod":"1962","KnNamn":"Norberg"},"geometry":{"type":"Polygon","coordinates":[[[15.71544,60.13559],[15.75504,60.14961],[15.77913,60.18218],[15.894,60.16874],[15.96675,60.19888],[16.01934,60.19094],[16.05297,60.1503],[16.10668,60.14709],[16.17065,60.12692],[16.15326,60.08629],[16.19179,60.0761],[16.19344,60.0005],[16.13865,59.99838],[16.09381,59.94855],[16.05853,59.99598],[16.01002,59.9898],[15.89271,60.01304],[15.86163,60.04927],[15.8225,60.03707],[15.70954,60.01823],[15.6627,60.04987],[15.71857,60.10281],[15.71544,60.13559]]]}},{"type":"Feature","properties":{"KnKod":"1980","KnNamn":"Västerås"},"geometry":{"type":"Polygon","coordinates":[[[16.59639,59.81208],[16.6074,59.77145],[16.65689,59.76825],[16.68655,59.79897],[16.74421,59.78129],[16.79464,59.73201],[16.86904,59.67444],[16.90482,59.5674],[16.82037,59.57245],[16.7927,59.54889],[16.71336,59.53238],[16.65593,59.57242],[16.58416,59.59885],[16.51535,59.58153],[16.55063,59.55204],[16.4849,59.5182],[16.44608,59.49167],[16.32495,59.4776],[16.241,59.49826],[16.3455,59.5597],[16.30244,59.57328],[16.32499,59.6063],[16.26354,59.68265],[16.28806,59.7152],[16.2887,59.77336],[16.27881,59.78682],[16.45451,59.84832],[16.59639,59.81208]]]}},{"type":"Feature","properties":{"KnKod":"1981","KnNamn":"Sala"},"geometry":{"type":"Polygon","coordinates":[[[16.42052,60.12423],[16.51559,60.15452],[16.51633,60.18529],[16.57018,60.19639],[16.72044,60.19991],[16.73512,60.11869],[16.69298,60.11054],[16.7218,60.04155],[16.69192,60.01084],[16.78964,59.97001],[16.79855,59.92224],[16.77816,59.9],[16.83126,59.86022],[16.79975,59.81875],[16.74421,59.78129],[16.68655,59.79897],[16.65689,59.76825],[16.6074,59.77145],[16.59639,59.81208],[16.45451,59.84832],[16.27881,59.78682],[16.21292,59.81808],[16.20983,59.86358],[16.10937,59.90412],[16.09381,59.94855],[16.13865,59.99838],[16.19344,60.0005],[16.19179,60.0761],[16.37782,60.08519],[16.42052,60.12423]]]}},{"type":"Feature","properties":{"KnKod":"1982","KnNamn":"Fagersta"},"geometry":{"type":"Polygon","coordinates":[[[15.86163,60.04927],[15.89271,60.01304],[16.01002,59.9898],[16.05853,59.99598],[16.09381,59.94855],[16.10937,59.90412],[15.92724,59.85645],[15.88793,59.90284],[15.77437,59.89499],[15.67799,59.94519],[15.70954,60.01823],[15.8225,60.03707],[15.86163,60.04927]]]}},{"type":"Feature","properties":{"KnKod":"1983","KnNamn":"Köping"},"geometry":{"type":"Polygon","coordinates":[[[15.99,59.71926],[16.11978,59.65886],[16.08375,59.62844],[16.241,59.49826],[16.17542,59.47786],[16.05837,59.4796],[15.95841,59.4784],[15.93851,59.49953],[15.87296,59.47325],[15.82253,59.47564],[15.74182,59.54195],[15.70937,59.52995],[15.6134,59.52584],[15.61053,59.59118],[15.59878,59.63349],[15.53365,59.62994],[15.48991,59.65775],[15.53476,59.70832],[15.63702,59.69105],[15.68858,59.69713],[15.74511,59.69387],[15.75751,59.65512],[15.82597,59.64206],[15.86759,59.66678],[15.95217,59.67624],[15.99,59.71926]]]}},{"type":"Feature","properties":{"KnKod":"1984","KnNamn":"Arboga"},"geometry":{"type":"Polygon","coordinates":[[[15.75789,59.32007],[15.61688,59.32286],[15.64167,59.35401],[15.57945,59.42881],[15.70751,59.42444],[15.70586,59.47885],[15.67361,59.49339],[15.70937,59.52995],[15.74182,59.54195],[15.82253,59.47564],[15.87296,59.47325],[15.9155,59.41757],[15.97982,59.41914],[15.99761,59.3746],[15.92616,59.34267],[15.85441,59.29967],[15.79583,59.28523],[15.75789,59.32007]]]}},{"type":"Feature","properties":{"KnKod":"2021","KnNamn":"Vansbro"},"geometry":{"type":"Polygon","coordinates":[[[14.38829,60.26235],[14.1378,60.24432],[14.03872,60.2385],[14.01879,60.26828],[13.94948,60.26678],[13.90771,60.43738],[13.91043,60.57267],[14.00636,60.59562],[14.01949,60.67269],[14.36939,60.69318],[14.40188,60.64652],[14.54533,60.57415],[14.63595,60.3897],[14.60623,60.33331],[14.63523,60.28491],[14.52548,60.23959],[14.38829,60.26235]]]}},{"type":"Feature","properties":{"KnKod":"2023","KnNamn":"Malung-Sälen"},"geometry":{"type":"Polygon","coordinates":[[[12.69785,61.15409],[12.78112,61.18738],[12.82748,61.2471],[12.86224,61.36068],[13.11528,61.5256],[13.16614,61.44445],[13.36137,61.28579],[13.41844,61.15918],[13.52033,61.10113],[13.5457,61.03999],[13.61606,60.90429],[13.60979,60.86845],[13.90616,60.87071],[14.02522,60.81507],[13.94635,60.74806],[14.01949,60.67269],[14.00636,60.59562],[13.91043,60.57267],[13.90771,60.43738],[13.96789,60.18864],[13.8481,60.26843],[13.69252,60.41755],[13.56794,60.42143],[13.49692,60.44713],[13.4373,60.52706],[13.30525,60.63678],[13.26015,60.69801],[13.20503,60.69827],[13.17549,60.76609],[12.70242,61.00796],[12.67635,61.05808],[12.69785,61.15409]]]}},{"type":"Feature","properties":{"KnKod":"2026","KnNamn":"Gagnef"},"geometry":{"type":"Polygon","coordinates":[[[15.2091,60.61936],[15.30909,60.62628],[15.23704,60.56362],[15.25644,60.53546],[15.15875,60.47547],[15.08409,60.45223],[15.08943,60.40975],[15.00725,60.36756],[14.81223,60.37741],[14.7371,60.31427],[14.69877,60.28722],[14.63523,60.28491],[14.60623,60.33331],[14.63595,60.3897],[14.54533,60.57415],[14.73922,60.57084],[14.90977,60.54431],[15.08375,60.63492],[15.2091,60.61936]]]}},{"type":"Feature","properties":{"KnKod":"2029","KnNamn":"Leksand"},"geometry":{"type":"Polygon","coordinates":[[[15.2091,60.61936],[15.08375,60.63492],[14.90977,60.54431],[14.73922,60.57084],[14.54533,60.57415],[14.40188,60.64652],[14.36939,60.69318],[14.43115,60.70117],[14.48103,60.74763],[14.56144,60.76193],[14.67134,60.82897],[14.73521,60.7807],[14.90728,60.82466],[14.96574,60.75303],[14.98245,60.82994],[15.05743,60.84544],[15.22406,60.81756],[15.33631,60.85507],[15.45682,60.86311],[15.56175,60.89904],[15.61401,60.87929],[15.65093,60.85251],[15.48697,60.80176],[15.36627,60.79197],[15.34225,60.76792],[15.26273,60.74317],[15.31056,60.69361],[15.37421,60.71374],[15.41697,60.67525],[15.30909,60.62628],[15.2091,60.61936]]]}},{"type":"Feature","properties":{"KnKod":"2031","KnNamn":"Rättvik"},"geometry":{"type":"Polygon","coordinates":[[[15.0518,61.34723],[15.06933,61.49282],[15.159,61.60406],[15.23018,61.51242],[15.65433,61.22342],[15.68078,61.13144],[15.75813,61.06018],[15.68865,61.04051],[15.67316,60.97619],[15.61401,60.87929],[15.56175,60.89904],[15.45682,60.86311],[15.33631,60.85507],[15.22406,60.81756],[15.05743,60.84544],[15.11965,60.88083],[15.03672,60.90858],[14.98315,60.88415],[14.88481,60.96137],[14.9245,61.02449],[15.03335,61.05642],[15.06034,61.08279],[15.06279,61.14415],[15.00726,61.19757],[15.0518,61.34723]]]}},{"type":"Feature","properties":{"KnKod":"2034","KnNamn":"Orsa"},"geometry":{"type":"Polygon","coordinates":[[[14.68942,61.05763],[14.55913,61.07645],[14.53575,61.18052],[14.38197,61.30859],[14.36576,61.39603],[14.3056,61.45289],[14.33891,61.54352],[14.41477,61.58619],[14.50071,61.63019],[14.65763,61.60127],[14.68411,61.54763],[14.64765,61.50055],[14.7484,61.51206],[14.8026,61.50044],[14.91719,61.50575],[15.06933,61.49282],[15.0518,61.34723],[15.00726,61.19757],[15.06279,61.14415],[15.06034,61.08279],[15.03335,61.05642],[14.68942,61.05763]]]}},{"type":"Feature","properties":{"KnKod":"2039","KnNamn":"Älvdalen"},"geometry":{"type":"Polygon","coordinates":[[[13.89014,61.65115],[13.98311,61.63467],[14.06071,61.57186],[14.08836,61.46054],[14.19631,61.28073],[14.18919,61.22507],[14.34249,61.11168],[14.24089,61.1072],[14.15095,61.14367],[14.05935,61.13318],[13.94165,61.06237],[13.75994,61.0663],[13.5457,61.03999],[13.52033,61.10113],[13.41844,61.15918],[13.36137,61.28579],[13.16614,61.44445],[13.11528,61.5256],[12.86224,61.36068],[12.58283,61.57403],[12.43467,61.5678],[12.16087,61.7253],[12.30215,62.26155],[12.61676,62.22158],[12.79561,62.23035],[12.94047,62.14632],[13.03841,62.08534],[13.15938,62.02707],[13.29574,62.06189],[13.32274,62.01764],[13.37135,62.01045],[13.20921,61.93516],[13.41605,61.82664],[13.51449,61.73636],[13.50663,61.69156],[13.5647,61.65505],[13.61309,61.67123],[13.89014,61.65115]]]}},{"type":"Feature","properties":{"KnKod":"2061","KnNamn":"Smedjebacken"},"geometry":{"type":"Polygon","coordinates":[[[15.71544,60.13559],[15.71857,60.10281],[15.6627,60.04987],[15.70954,60.01823],[15.67799,59.94519],[15.609,59.95878],[15.53021,59.9614],[15.48158,59.90619],[15.4018,59.86115],[15.32464,59.92931],[15.2169,59.99121],[15.12438,60.02507],[15.22343,60.10846],[15.22056,60.1448],[15.25197,60.18834],[15.23908,60.2831],[15.46335,60.27098],[15.51319,60.25013],[15.64697,60.22034],[15.77913,60.18218],[15.75504,60.14961],[15.71544,60.13559]]]}},{"type":"Feature","properties":{"KnKod":"2062","KnNamn":"Mora"},"geometry":{"type":"Polygon","coordinates":[[[14.68942,61.05763],[15.03335,61.05642],[14.9245,61.02449],[14.88481,60.96137],[14.98315,60.88415],[14.90766,60.86081],[14.74635,60.93922],[14.68677,60.93849],[14.60226,60.99672],[14.55254,60.97195],[14.56727,60.93512],[14.64078,60.93164],[14.69106,60.90574],[14.64401,60.89353],[14.56617,60.89361],[14.67134,60.82897],[14.56144,60.76193],[14.48103,60.74763],[14.43115,60.70117],[14.36939,60.69318],[14.01949,60.67269],[13.94635,60.74806],[14.02522,60.81507],[13.90616,60.87071],[13.60979,60.86845],[13.61606,60.90429],[13.5457,61.03999],[13.75994,61.0663],[13.94165,61.06237],[14.05935,61.13318],[14.15095,61.14367],[14.24089,61.1072],[14.34249,61.11168],[14.18919,61.22507],[14.19631,61.28073],[14.08836,61.46054],[14.06071,61.57186],[13.98311,61.63467],[14.20141,61.63263],[14.35678,61.61317],[14.41477,61.58619],[14.33891,61.54352],[14.3056,61.45289],[14.36576,61.39603],[14.38197,61.30859],[14.53575,61.18052],[14.55913,61.07645],[14.68942,61.05763]]]}},{"type":"Feature","properties":{"KnKod":"2080","KnNamn":"Falun"},"geometry":{"type":"Polygon","coordinates":[[[16.30502,60.71319],[16.32218,60.67953],[16.24131,60.61857],[16.14722,60.60488],[15.9768,60.58231],[15.78608,60.4629],[15.69284,60.45612],[15.63234,60.52589],[15.56725,60.5458],[15.52961,60.52616],[15.35611,60.58624],[15.30909,60.62628],[15.41697,60.67525],[15.37421,60.71374],[15.31056,60.69361],[15.26273,60.74317],[15.34225,60.76792],[15.36627,60.79197],[15.48697,60.80176],[15.65093,60.85251],[15.61401,60.87929],[15.67316,60.97619],[15.68865,61.04051],[15.75813,61.06018],[15.93412,61.01221],[16.14258,61.00072],[16.2402,60.87837],[16.40095,60.78771],[16.37482,60.73977],[16.30502,60.71319]]]}},{"type":"Feature","properties":{"KnKod":"2081","KnNamn":"Borlänge"},"geometry":{"type":"Polygon","coordinates":[[[15.20063,60.30685],[15.14852,60.32949],[15.08943,60.40975],[15.08409,60.45223],[15.15875,60.47547],[15.25644,60.53546],[15.23704,60.56362],[15.30909,60.62628],[15.35611,60.58624],[15.52961,60.52616],[15.56725,60.5458],[15.63234,60.52589],[15.69284,60.45612],[15.54945,60.43818],[15.55225,60.38735],[15.49284,60.38339],[15.33109,60.31437],[15.20063,60.30685]]]}},{"type":"Feature","properties":{"KnKod":"2082","KnNamn":"Säter"},"geometry":{"type":"Polygon","coordinates":[[[15.20063,60.30685],[15.33109,60.31437],[15.49284,60.38339],[15.55225,60.38735],[15.54945,60.43818],[15.69284,60.45612],[15.78608,60.4629],[15.9768,60.58231],[16.14722,60.60488],[15.96688,60.51224],[15.91242,60.42484],[15.95727,60.39868],[15.83333,60.35517],[15.76897,60.28462],[15.7461,60.24972],[15.64697,60.22034],[15.51319,60.25013],[15.46335,60.27098],[15.23908,60.2831],[15.20063,60.30685]]]}},{"type":"Feature","properties":{"KnKod":"2083","KnNamn":"Hedemora"},"geometry":{"type":"Polygon","coordinates":[[[16.30105,60.48325],[16.40311,60.38152],[16.33936,60.36129],[16.30586,60.31622],[16.33542,60.28902],[16.25762,60.25573],[16.19929,60.24116],[16.14725,60.25155],[16.08577,60.25343],[16.0693,60.21636],[16.01934,60.19094],[15.96675,60.19888],[15.894,60.16874],[15.77913,60.18218],[15.64697,60.22034],[15.7461,60.24972],[15.76897,60.28462],[15.83333,60.35517],[15.95727,60.39868],[15.91242,60.42484],[15.96688,60.51224],[16.14722,60.60488],[16.23331,60.51999],[16.27536,60.512],[16.30105,60.48325]]]}},{"type":"Feature","properties":{"KnKod":"2084","KnNamn":"Avesta"},"geometry":{"type":"Polygon","coordinates":[[[16.42052,60.12423],[16.37782,60.08519],[16.19179,60.0761],[16.15326,60.08629],[16.17065,60.12692],[16.10668,60.14709],[16.05297,60.1503],[16.01934,60.19094],[16.0693,60.21636],[16.08577,60.25343],[16.14725,60.25155],[16.19929,60.24116],[16.25762,60.25573],[16.33542,60.28902],[16.30586,60.31622],[16.33936,60.36129],[16.40311,60.38152],[16.52066,60.36452],[16.57909,60.3409],[16.58763,60.30408],[16.62838,60.29242],[16.63929,60.23732],[16.72044,60.19991],[16.57018,60.19639],[16.51633,60.18529],[16.51559,60.15452],[16.42052,60.12423]]]}},{"type":"Feature","properties":{"KnKod":"2085","KnNamn":"Ludvika"},"geometry":{"type":"Polygon","coordinates":[[[14.38829,60.26235],[14.52548,60.23959],[14.63523,60.28491],[14.69877,60.28722],[14.7371,60.31427],[14.81223,60.37741],[15.00725,60.36756],[15.08943,60.40975],[15.14852,60.32949],[15.20063,60.30685],[15.23908,60.2831],[15.25197,60.18834],[15.22056,60.1448],[15.22343,60.10846],[15.12438,60.02507],[15.06656,60.06971],[15.01852,60.06498],[14.99335,60.08256],[14.92364,60.06082],[14.85301,60.08611],[14.84616,60.12262],[14.79127,60.11995],[14.71731,60.0947],[14.74543,60.00292],[14.43848,60.02571],[14.2154,60.09873],[14.18658,60.1759],[14.1378,60.24432],[14.38829,60.26235]]]}},{"type":"Feature","properties":{"KnKod":"2101","KnNamn":"Ockelbo"},"geometry":{"type":"Polygon","coordinates":[[[16.87492,60.92781],[16.91122,60.87105],[16.9414,60.83279],[16.93526,60.7842],[16.72504,60.76146],[16.64191,60.78304],[16.56266,60.79162],[16.40095,60.78771],[16.2402,60.87837],[16.14258,61.00072],[16.31088,61.04994],[16.50179,61.05104],[16.5585,61.09046],[16.76429,61.06732],[16.80146,61.03956],[16.89998,61.04414],[16.87492,60.92781]]]}},{"type":"Feature","properties":{"KnKod":"2104","KnNamn":"Hofors"},"geometry":{"type":"Polygon","coordinates":[[[16.30105,60.48325],[16.27536,60.512],[16.23331,60.51999],[16.14722,60.60488],[16.24131,60.61857],[16.41936,60.59926],[16.58716,60.52354],[16.65987,60.45183],[16.61722,60.40195],[16.52066,60.36452],[16.40311,60.38152],[16.30105,60.48325]]]}},{"type":"Feature","properties":{"KnKod":"2121","KnNamn":"Ovanåker"},"geometry":{"type":"Polygon","coordinates":[[[15.46542,61.61541],[15.6721,61.63696],[15.77308,61.58438],[16.0306,61.54704],[16.20439,61.47664],[16.1988,61.44072],[16.28015,61.39065],[16.13804,61.26492],[15.93412,61.01221],[15.75813,61.06018],[15.68078,61.13144],[15.65433,61.22342],[15.23018,61.51242],[15.32029,61.57956],[15.42649,61.57946],[15.46542,61.61541]]]}},{"type":"Feature","properties":{"KnKod":"2132","KnNamn":"Nordanstig"},"geometry":{"type":"Polygon","coordinates":[[[17.0233,61.8455],[16.95272,61.8536],[16.78477,61.97836],[16.7128,62.0644],[16.06014,62.25093],[16.2403,62.25363],[16.51283,62.24867],[16.79474,62.21535],[16.90573,62.1831],[16.96931,62.1882],[17.09242,62.17136],[17.1429,62.18448],[17.23708,62.1621],[17.3284,62.16886],[17.4796,62.1474],[17.43548,62.0129],[17.35914,61.95259],[17.31684,61.86399],[17.21901,61.8837],[17.0233,61.8455]]]}},{"type":"Feature","properties":{"KnKod":"2161","KnNamn":"Ljusdal"},"geometry":{"type":"Polygon","coordinates":[[[15.46542,61.61541],[15.42649,61.57946],[15.32029,61.57956],[15.23018,61.51242],[15.159,61.60406],[15.06933,61.49282],[14.91719,61.50575],[14.8026,61.50044],[14.7484,61.51206],[14.64765,61.50055],[14.68411,61.54763],[14.65763,61.60127],[14.50071,61.63019],[14.52665,61.7916],[14.68992,61.91238],[14.72883,61.87985],[14.79831,61.90008],[14.8728,61.8387],[14.89565,61.89002],[15.03999,61.88483],[15.10364,61.86181],[15.10292,61.90885],[15.11146,61.96268],[15.08331,62.00747],[15.41234,62.12839],[15.39562,62.20343],[15.33445,62.22281],[15.32441,62.28903],[15.47856,62.35294],[15.62,62.35826],[16.02149,62.27079],[16.17483,62.11787],[16.16056,62.09332],[16.26143,61.90817],[16.33408,61.87857],[16.29036,61.80139],[16.61556,61.63997],[16.29784,61.6578],[16.0306,61.54704],[15.77308,61.58438],[15.6721,61.63696],[15.46542,61.61541]]]}},{"type":"Feature","properties":{"KnKod":"2180","KnNamn":"Gävle"},"geometry":{"type":"Polygon","coordinates":[[[16.87492,60.92781],[16.89998,61.04414],[17.15806,61.05691],[17.14336,61.03187],[17.22053,61.00132],[17.16162,60.95259],[17.27056,60.8527],[17.2374,60.80228],[17.34405,60.74783],[17.21649,60.69113],[17.35078,60.65233],[17.30079,60.47114],[17.2041,60.42871],[17.19953,60.30919],[17.10041,60.26871],[16.90576,60.28713],[16.90375,60.35079],[16.79852,60.38124],[16.78783,60.43636],[16.8804,60.43941],[16.94222,60.517],[16.8771,60.56118],[16.86072,60.62212],[16.85876,60.77585],[16.93526,60.7842],[16.9414,60.83279],[16.91122,60.87105],[16.87492,60.92781]]]}},{"type":"Feature","properties":{"KnKod":"2181","KnNamn":"Sandviken"},"geometry":{"type":"Polygon","coordinates":[[[16.30502,60.71319],[16.37482,60.73977],[16.40095,60.78771],[16.56266,60.79162],[16.64191,60.78304],[16.72504,60.76146],[16.85876,60.77585],[16.86072,60.62212],[16.8771,60.56118],[16.94222,60.517],[16.8804,60.43941],[16.78783,60.43636],[16.79852,60.38124],[16.90375,60.35079],[16.90576,60.28713],[16.865,60.26259],[16.88116,60.24158],[16.79744,60.20171],[16.72044,60.19991],[16.63929,60.23732],[16.62838,60.29242],[16.58763,60.30408],[16.57909,60.3409],[16.52066,60.36452],[16.61722,60.40195],[16.65987,60.45183],[16.58716,60.52354],[16.41936,60.59926],[16.24131,60.61857],[16.32218,60.67953],[16.30502,60.71319]]]}},{"type":"Feature","properties":{"KnKod":"2182","KnNamn":"Söderhamn"},"geometry":{"type":"Polygon","coordinates":[[[16.68755,61.49289],[16.73603,61.53523],[16.90061,61.45957],[17.04306,61.45407],[17.10598,61.41852],[17.12015,61.36738],[17.23953,61.2978],[17.20226,61.23491],[17.13232,61.20141],[17.15806,61.05691],[16.80146,61.03956],[16.76429,61.06732],[16.5585,61.09046],[16.71028,61.17047],[16.73714,61.25403],[16.65337,61.31911],[16.70552,61.33038],[16.73546,61.39742],[16.68755,61.49289]]]}},{"type":"Feature","properties":{"KnKod":"2183","KnNamn":"Bollnäs"},"geometry":{"type":"Polygon","coordinates":[[[16.68755,61.49289],[16.73546,61.39742],[16.70552,61.33038],[16.65337,61.31911],[16.73714,61.25403],[16.71028,61.17047],[16.5585,61.09046],[16.50179,61.05104],[16.31088,61.04994],[16.14258,61.00072],[15.93412,61.01221],[16.13804,61.26492],[16.28015,61.39065],[16.1988,61.44072],[16.20439,61.47664],[16.0306,61.54704],[16.29784,61.6578],[16.61556,61.63997],[16.60592,61.51787],[16.68755,61.49289]]]}},{"type":"Feature","properties":{"KnKod":"2184","KnNamn":"Hudiksvall"},"geometry":{"type":"Polygon","coordinates":[[[16.68755,61.49289],[16.60592,61.51787],[16.61556,61.63997],[16.29036,61.80139],[16.33408,61.87857],[16.26143,61.90817],[16.16056,62.09332],[16.17483,62.11787],[16.02149,62.27079],[16.06014,62.25093],[16.7128,62.0644],[16.78477,61.97836],[16.95272,61.8536],[17.0233,61.8455],[17.21901,61.8837],[17.31684,61.86399],[17.38639,61.8273],[17.37984,61.76781],[17.41358,61.74014],[17.50728,61.72113],[17.4699,61.63647],[17.4085,61.64785],[17.37381,61.68468],[17.26942,61.70612],[17.17406,61.60345],[17.11303,61.55117],[17.17892,61.47788],[17.10598,61.41852],[17.04306,61.45407],[16.90061,61.45957],[16.73603,61.53523],[16.68755,61.49289]]]}},{"type":"Feature","properties":{"KnKod":"2260","KnNamn":"Ånge"},"geometry":{"type":"Polygon","coordinates":[[[16.12809,62.70017],[16.25288,62.72397],[16.36806,62.70776],[16.39046,62.66541],[16.55788,62.60311],[16.4468,62.51535],[16.42169,62.45338],[16.46525,62.42728],[16.40959,62.38158],[16.41173,62.34703],[16.2403,62.25363],[16.06014,62.25093],[16.02149,62.27079],[15.62,62.35826],[15.47856,62.35294],[15.32441,62.28903],[15.27312,62.30729],[15.15901,62.26774],[14.94708,62.32501],[14.86864,62.40825],[14.80545,62.41602],[14.78034,62.46658],[14.8352,62.46766],[14.80096,62.54153],[14.79478,62.60146],[14.91639,62.61326],[15.07775,62.60439],[15.14123,62.5742],[15.25607,62.61197],[15.59541,62.63461],[15.96339,62.71826],[16.12809,62.70017]]]}},{"type":"Feature","properties":{"KnKod":"2262","KnNamn":"Timrå"},"geometry":{"type":"Polygon","coordinates":[[[17.23135,62.45108],[17.19002,62.49548],[17.21523,62.51384],[17.24199,62.60107],[17.14534,62.6199],[16.96644,62.71997],[16.96103,62.75477],[17.16749,62.86035],[17.41949,62.72764],[17.44425,62.69335],[17.5659,62.61636],[17.6518,62.60156],[17.66009,62.55377],[17.74868,62.51146],[17.67628,62.48182],[17.69599,62.43325],[17.5486,62.45038],[17.47707,62.52231],[17.38865,62.5075],[17.23135,62.45108]]]}},{"type":"Feature","properties":{"KnKod":"2280","KnNamn":"Härnösand"},"geometry":{"type":"Polygon","coordinates":[[[17.23846,62.90989],[17.33824,62.91504],[17.48629,62.87585],[17.7341,62.8795],[18.00767,62.7858],[18.02109,62.75094],[18.15701,62.7542],[18.0481,62.67815],[17.97618,62.65222],[18.06256,62.61532],[17.90639,62.56069],[17.8461,62.48484],[17.74868,62.51146],[17.66009,62.55377],[17.6518,62.60156],[17.5659,62.61636],[17.44425,62.69335],[17.41949,62.72764],[17.16749,62.86035],[17.23846,62.90989]]]}},{"type":"Feature","properties":{"KnKod":"2281","KnNamn":"Sundsvall"},"geometry":{"type":"Polygon","coordinates":[[[17.23135,62.45108],[17.38865,62.5075],[17.38951,62.48082],[17.49322,62.46131],[17.51139,62.38201],[17.43411,62.37257],[17.4143,62.33393],[17.49266,62.27245],[17.64194,62.25157],[17.61204,62.20635],[17.52381,62.19773],[17.4796,62.1474],[17.3284,62.16886],[17.23708,62.1621],[17.1429,62.18448],[17.09242,62.17136],[16.96931,62.1882],[16.90573,62.1831],[16.79474,62.21535],[16.51283,62.24867],[16.2403,62.25363],[16.41173,62.34703],[16.40959,62.38158],[16.46525,62.42728],[16.42169,62.45338],[16.4468,62.51535],[16.55788,62.60311],[16.39046,62.66541],[16.36806,62.70776],[16.39754,62.77554],[16.47262,62.82197],[16.66046,62.93246],[17.01187,62.95425],[17.16749,62.86035],[16.96103,62.75477],[16.96644,62.71997],[17.14534,62.6199],[17.24199,62.60107],[17.21523,62.51384],[17.19002,62.49548],[17.23135,62.45108]]]}},{"type":"Feature","properties":{"KnKod":"2282","KnNamn":"Kramfors"},"geometry":{"type":"Polygon","coordinates":[[[17.30644,63.06351],[17.65297,63.13198],[17.76568,63.12089],[17.85883,63.14738],[17.97817,63.15568],[18.02818,63.20804],[18.35557,63.13135],[18.50124,63.08152],[18.48589,63.03469],[18.40134,63.03347],[18.37899,63.00413],[18.54225,62.99059],[18.48971,62.92157],[18.3826,62.84373],[18.26936,62.88453],[18.21863,62.86447],[18.27669,62.83671],[18.13532,62.77209],[18.00767,62.7858],[17.7341,62.8795],[17.48629,62.87585],[17.33824,62.91504],[17.28747,62.93945],[17.22821,62.97951],[17.22304,63.03972],[17.33053,63.03838],[17.30644,63.06351]]]}},{"type":"Feature","properties":{"KnKod":"2283","KnNamn":"Sollefteå"},"geometry":{"type":"Polygon","coordinates":[[[17.23846,62.90989],[17.16749,62.86035],[17.01187,62.95425],[16.60194,63.18425],[16.12634,63.37946],[16.13521,63.44056],[16.05543,63.45934],[15.98329,63.4469],[15.97249,63.51626],[15.99099,63.56417],[15.79702,63.67386],[15.87818,63.68777],[15.98837,63.65847],[16.09762,63.69975],[16.25129,63.66608],[16.30256,63.68864],[16.37128,63.67216],[16.61342,63.71836],[16.57465,63.82206],[16.5878,63.89382],[16.72412,64.02686],[16.84507,63.96791],[17.26058,63.92981],[17.32389,63.89204],[17.17968,63.89178],[17.20757,63.82476],[17.27087,63.81725],[17.23013,63.77983],[17.22797,63.72188],[17.29448,63.73774],[17.32316,63.71237],[17.27045,63.66299],[17.33389,63.59371],[17.26085,63.56919],[17.28033,63.48995],[17.41403,63.51424],[17.46609,63.36203],[17.5401,63.34095],[17.54258,63.299],[17.82024,63.28445],[18.02818,63.20804],[17.97817,63.15568],[17.85883,63.14738],[17.76568,63.12089],[17.65297,63.13198],[17.30644,63.06351],[17.33053,63.03838],[17.22304,63.03972],[17.22821,62.97951],[17.28747,62.93945],[17.33824,62.91504],[17.23846,62.90989]]]}},{"type":"Feature","properties":{"KnKod":"2284","KnNamn":"Örnsköldsvik"},"geometry":{"type":"Polygon","coordinates":[[[18.80037,63.79673],[18.90263,63.80205],[18.96388,63.76841],[19.18125,63.60822],[19.17737,63.56659],[19.27815,63.4793],[19.22824,63.34029],[19.11438,63.3289],[19.09903,63.24622],[19.01809,63.20313],[18.93577,63.23118],[18.71913,63.16888],[18.60796,63.17333],[18.50124,63.08152],[18.35557,63.13135],[18.02818,63.20804],[17.82024,63.28445],[17.54258,63.299],[17.5401,63.34095],[17.46609,63.36203],[17.41403,63.51424],[17.28033,63.48995],[17.26085,63.56919],[17.33389,63.59371],[17.27045,63.66299],[17.32316,63.71237],[17.29448,63.73774],[17.22797,63.72188],[17.23013,63.77983],[17.27087,63.81725],[17.20757,63.82476],[17.17968,63.89178],[17.32389,63.89204],[17.26058,63.92981],[17.70746,63.89329],[18.38177,64.00834],[18.47312,63.96744],[18.42459,63.92532],[18.4878,63.84994],[18.63245,63.83974],[18.75091,63.8258],[18.80037,63.79673]]]}},{"type":"Feature","properties":{"KnKod":"2303","KnNamn":"Ragunda"},"geometry":{"type":"Polygon","coordinates":[[[15.48574,63.36569],[15.55758,63.44171],[15.65487,63.45851],[15.78056,63.52087],[15.97249,63.51626],[15.98329,63.4469],[16.05543,63.45934],[16.13521,63.44056],[16.12634,63.37946],[16.60194,63.18425],[17.01187,62.95425],[16.66046,62.93246],[16.47262,62.82197],[16.43759,62.90373],[16.3914,62.93717],[16.43798,63.00338],[16.34469,63.06847],[16.14509,63.0832],[16.05607,63.07902],[16.01666,63.09563],[15.97259,63.06542],[15.91046,63.08685],[15.7645,63.07825],[15.7029,63.05612],[15.61789,63.08221],[15.52414,63.07432],[15.41928,63.11756],[15.32051,63.14896],[15.3097,63.19168],[15.23281,63.18817],[15.23179,63.24971],[15.34154,63.32035],[15.47184,63.26328],[15.54545,63.31568],[15.48574,63.36569]]]}},{"type":"Feature","properties":{"KnKod":"2305","KnNamn":"Bräcke"},"geometry":{"type":"Polygon","coordinates":[[[16.12809,62.70017],[15.96339,62.71826],[15.59541,62.63461],[15.25607,62.61197],[15.14123,62.5742],[15.07775,62.60439],[14.91639,62.61326],[14.86342,62.67961],[14.87357,62.72431],[14.78528,62.75187],[14.75168,62.81303],[14.81271,62.8211],[14.77405,62.90659],[14.76064,62.94092],[14.87713,62.93018],[14.92915,62.91511],[15.0539,62.99061],[15.01539,63.04665],[15.06024,63.06804],[15.11016,63.06025],[15.13141,63.09901],[15.10303,63.14737],[15.27023,63.1285],[15.32051,63.14896],[15.41928,63.11756],[15.52414,63.07432],[15.61789,63.08221],[15.7029,63.05612],[15.7645,63.07825],[15.91046,63.08685],[15.97259,63.06542],[16.01666,63.09563],[16.05607,63.07902],[16.14509,63.0832],[16.34469,63.06847],[16.43798,63.00338],[16.3914,62.93717],[16.43759,62.90373],[16.47262,62.82197],[16.39754,62.77554],[16.36806,62.70776],[16.25288,62.72397],[16.12809,62.70017]]]}},{"type":"Feature","properties":{"KnKod":"2309","KnNamn":"Krokom"},"geometry":{"type":"Polygon","coordinates":[[[13.70608,64.04896],[13.96233,64.01419],[14.16233,64.20139],[14.1298,64.40599],[14.2482,64.34963],[14.76724,64.29027],[14.87802,64.12824],[14.92903,64.11695],[14.96618,64.04843],[14.9076,64.02756],[14.96263,63.93112],[15.03225,63.9135],[15.06701,63.85407],[14.93547,63.80041],[14.91171,63.73461],[14.91644,63.65128],[14.92378,63.60214],[14.86706,63.57942],[14.77726,63.59427],[14.71966,63.55525],[14.53958,63.58293],[14.56975,63.50036],[14.51104,63.4541],[14.64357,63.36168],[14.6455,63.31643],[14.74845,63.31008],[14.73689,63.22386],[14.59179,63.21942],[14.47834,63.24961],[14.41214,63.23979],[14.30826,63.27845],[14.17288,63.30207],[14.00616,63.32376],[13.82285,63.35731],[13.74172,63.35315],[13.57467,63.40439],[13.4664,63.4281],[13.45399,63.47001],[13.49865,63.49369],[13.49349,63.57501],[13.45737,63.66464],[13.44457,63.77147],[13.37873,63.78997],[13.30832,63.89693],[13.28098,64.08653],[13.70608,64.04896]]]}},{"type":"Feature","properties":{"KnKod":"2313","KnNamn":"Strömsund"},"geometry":{"type":"Polygon","coordinates":[[[15.48574,63.36569],[15.40745,63.35871],[15.32926,63.41679],[15.14462,63.4871],[15.08521,63.47543],[15.05354,63.49497],[15.09416,63.52924],[14.92378,63.60214],[14.91644,63.65128],[14.91171,63.73461],[14.93547,63.80041],[15.06701,63.85407],[15.03225,63.9135],[14.96263,63.93112],[14.9076,64.02756],[14.96618,64.04843],[14.92903,64.11695],[14.87802,64.12824],[14.76724,64.29027],[14.2482,64.34963],[14.1298,64.40599],[14.12362,64.4682],[14.07842,64.49159],[13.91574,64.51392],[13.66285,64.58978],[14.21061,65.06224],[14.33014,65.13104],[14.62055,65.02438],[14.67424,65.01675],[14.7202,64.98894],[14.79137,64.95405],[14.78646,64.91632],[14.86568,64.87501],[14.9502,64.87317],[15.03144,64.82445],[15.04645,64.76594],[15.23156,64.72871],[15.33272,64.66258],[15.26423,64.64224],[15.33498,64.6227],[15.36131,64.59435],[15.42231,64.60234],[15.42405,64.57693],[15.54278,64.5333],[15.57293,64.45768],[15.63955,64.45625],[15.62668,64.53286],[15.70297,64.55083],[15.74953,64.49065],[15.75769,64.42871],[16.02837,64.34982],[16.03289,64.27716],[16.20574,64.28439],[16.72412,64.02686],[16.5878,63.89382],[16.57465,63.82206],[16.61342,63.71836],[16.37128,63.67216],[16.30256,63.68864],[16.25129,63.66608],[16.09762,63.69975],[15.98837,63.65847],[15.87818,63.68777],[15.79702,63.67386],[15.99099,63.56417],[15.97249,63.51626],[15.78056,63.52087],[15.65487,63.45851],[15.55758,63.44171],[15.48574,63.36569]]]}},{"type":"Feature","properties":{"KnKod":"2321","KnNamn":"Åre"},"geometry":{"type":"Polygon","coordinates":[[[13.74172,63.35315],[13.82285,63.35731],[14.00616,63.32376],[14.14893,63.20555],[14.04838,63.20237],[14.12969,63.17023],[14.2494,63.15089],[14.34618,63.11798],[14.36905,63.06946],[14.21881,63.04203],[14.10384,63.06297],[13.72208,63.04179],[13.6939,63.0609],[13.50314,63.0607],[13.3523,63.03902],[13.25792,63.0441],[13.06014,62.97687],[12.637,62.97942],[12.07434,62.90339],[12.1961,62.9956],[11.96219,63.26811],[12.19792,63.47086],[12.13296,63.5842],[12.27294,63.65973],[12.29706,63.7149],[12.36346,63.75272],[12.65775,63.97136],[12.8715,64.04969],[13.17971,64.09587],[13.28098,64.08653],[13.30832,63.89693],[13.37873,63.78997],[13.44457,63.77147],[13.45737,63.66464],[13.49349,63.57501],[13.49865,63.49369],[13.45399,63.47001],[13.4664,63.4281],[13.57467,63.40439],[13.74172,63.35315]]]}},{"type":"Feature","properties":{"KnKod":"2326","KnNamn":"Berg"},"geometry":{"type":"Polygon","coordinates":[[[14.86342,62.67961],[14.91639,62.61326],[14.79478,62.60146],[14.80096,62.54153],[14.8352,62.46766],[14.78034,62.46658],[14.80545,62.41602],[14.55913,62.29056],[14.4588,62.31127],[14.34547,62.30719],[14.18133,62.39726],[14.03028,62.49917],[13.99081,62.61629],[13.87137,62.62645],[13.88849,62.67451],[13.82203,62.71681],[13.67548,62.66831],[13.60539,62.67095],[13.49109,62.71125],[13.42559,62.76231],[13.37912,62.74415],[13.36542,62.68874],[13.46557,62.63463],[13.38721,62.61221],[13.28611,62.61581],[13.28187,62.65924],[13.19413,62.67311],[13.1378,62.71109],[13.05136,62.71039],[12.99996,62.73193],[12.94179,62.71221],[12.93687,62.68173],[12.80768,62.70751],[12.6424,62.70363],[12.48631,62.76234],[12.1301,62.75129],[12.07434,62.90339],[12.637,62.97942],[13.06014,62.97687],[13.25792,63.0441],[13.3523,63.03902],[13.50314,63.0607],[13.6939,63.0609],[13.72208,63.04179],[14.10384,63.06297],[14.21881,63.04203],[14.36905,63.06946],[14.42275,62.99193],[14.42354,62.92147],[14.35847,62.9134],[14.41778,62.83864],[14.48119,62.82144],[14.52558,62.89898],[14.48783,63.00538],[14.59184,62.98459],[14.61067,62.92595],[14.77405,62.90659],[14.81271,62.8211],[14.75168,62.81303],[14.78528,62.75187],[14.87357,62.72431],[14.86342,62.67961]]]}},{"type":"Feature","properties":{"KnKod":"2361","KnNamn":"Härjedalen"},"geometry":{"type":"Polygon","coordinates":[[[13.89014,61.65115],[13.61309,61.67123],[13.5647,61.65505],[13.50663,61.69156],[13.51449,61.73636],[13.41605,61.82664],[13.20921,61.93516],[13.37135,62.01045],[13.32274,62.01764],[13.29574,62.06189],[13.15938,62.02707],[13.03841,62.08534],[12.94047,62.14632],[12.79561,62.23035],[12.61676,62.22158],[12.30215,62.26155],[12.05081,62.61598],[12.1301,62.75129],[12.48631,62.76234],[12.6424,62.70363],[12.80768,62.70751],[12.93687,62.68173],[12.94179,62.71221],[12.99996,62.73193],[13.05136,62.71039],[13.1378,62.71109],[13.19413,62.67311],[13.28187,62.65924],[13.28611,62.61581],[13.38721,62.61221],[13.46557,62.63463],[13.36542,62.68874],[13.37912,62.74415],[13.42559,62.76231],[13.49109,62.71125],[13.60539,62.67095],[13.67548,62.66831],[13.82203,62.71681],[13.88849,62.67451],[13.87137,62.62645],[13.99081,62.61629],[14.03028,62.49917],[14.18133,62.39726],[14.34547,62.30719],[14.4588,62.31127],[14.55913,62.29056],[14.80545,62.41602],[14.86864,62.40825],[14.94708,62.32501],[15.15901,62.26774],[15.27312,62.30729],[15.32441,62.28903],[15.33445,62.22281],[15.39562,62.20343],[15.41234,62.12839],[15.08331,62.00747],[15.11146,61.96268],[15.10292,61.90885],[15.10364,61.86181],[15.03999,61.88483],[14.89565,61.89002],[14.8728,61.8387],[14.79831,61.90008],[14.72883,61.87985],[14.68992,61.91238],[14.52665,61.7916],[14.50071,61.63019],[14.41477,61.58619],[14.35678,61.61317],[14.20141,61.63263],[13.98311,61.63467],[13.89014,61.65115]]]}},{"type":"Feature","properties":{"KnKod":"2380","KnNamn":"Östersund"},"geometry":{"type":"Polygon","coordinates":[[[15.48574,63.36569],[15.54545,63.31568],[15.47184,63.26328],[15.34154,63.32035],[15.23179,63.24971],[15.23281,63.18817],[15.3097,63.19168],[15.32051,63.14896],[15.27023,63.1285],[15.10303,63.14737],[15.13141,63.09901],[15.11016,63.06025],[15.06024,63.06804],[15.01539,63.04665],[15.0539,62.99061],[14.92915,62.91511],[14.87713,62.93018],[14.76064,62.94092],[14.77405,62.90659],[14.61067,62.92595],[14.59184,62.98459],[14.48783,63.00538],[14.45695,63.07715],[14.44166,63.13559],[14.51632,63.14864],[14.57521,63.16235],[14.52575,63.17352],[14.45915,63.19805],[14.47291,63.22457],[14.59179,63.21942],[14.73689,63.22386],[14.74845,63.31008],[14.6455,63.31643],[14.64357,63.36168],[14.51104,63.4541],[14.56975,63.50036],[14.53958,63.58293],[14.71966,63.55525],[14.77726,63.59427],[14.86706,63.57942],[14.92378,63.60214],[15.09416,63.52924],[15.05354,63.49497],[15.08521,63.47543],[15.14462,63.4871],[15.32926,63.41679],[15.40745,63.35871],[15.48574,63.36569]]]}},{"type":"Feature","properties":{"KnKod":"2401","KnNamn":"Nordmaling"},"geometry":{"type":"Polygon","coordinates":[[[18.80037,63.79673],[18.82785,63.85485],[18.91429,63.86497],[18.99105,63.82835],[19.05611,63.84724],[19.11675,63.8227],[19.16567,63.83181],[19.219,63.82051],[19.29374,63.8112],[19.35187,63.84327],[19.41648,63.8292],[19.45357,63.87015],[19.52748,63.87904],[19.59041,63.83037],[19.68539,63.81684],[19.76714,63.75805],[19.75799,63.68576],[19.71346,63.64729],[19.74526,63.60462],[19.71134,63.58175],[19.74737,63.54297],[19.71533,63.5212],[19.74663,63.46759],[19.66333,63.44318],[19.57712,63.523],[19.46252,63.57392],[19.41415,63.54483],[19.47486,63.48174],[19.38664,63.46487],[19.27815,63.4793],[19.17737,63.56659],[19.18125,63.60822],[18.96388,63.76841],[18.90263,63.80205],[18.80037,63.79673]]]}},{"type":"Feature","properties":{"KnKod":"2403","KnNamn":"Bjurholm"},"geometry":{"type":"Polygon","coordinates":[[[18.80037,63.79673],[18.75091,63.8258],[18.63245,63.83974],[18.4878,63.84994],[18.42459,63.92532],[18.47312,63.96744],[18.38177,64.00834],[18.77135,64.07323],[19.15441,64.14071],[19.34256,64.07924],[19.36751,64.04813],[19.47623,63.98799],[19.52748,63.87904],[19.45357,63.87015],[19.41648,63.8292],[19.35187,63.84327],[19.29374,63.8112],[19.219,63.82051],[19.16567,63.83181],[19.11675,63.8227],[19.05611,63.84724],[18.99105,63.82835],[18.91429,63.86497],[18.82785,63.85485],[18.80037,63.79673]]]}},{"type":"Feature","properties":{"KnKod":"2404","KnNamn":"Vindeln"},"geometry":{"type":"Polygon","coordinates":[[[19.36751,64.04813],[19.34256,64.07924],[19.15441,64.14071],[19.11302,64.18387],[19.15039,64.19388],[19.11227,64.23495],[19.03279,64.22438],[18.95618,64.43583],[19.28203,64.78217],[19.35942,64.7558],[19.38854,64.6886],[19.51349,64.64095],[19.64091,64.64042],[19.82174,64.5261],[19.88919,64.51536],[19.93156,64.4956],[19.96592,64.46732],[20.03371,64.46744],[20.07411,64.45327],[20.06844,64.42083],[20.12028,64.39109],[20.11884,64.36197],[20.0702,64.35673],[20.01857,64.28595],[20.09119,64.26917],[20.07189,64.20495],[20.03036,64.18635],[20.01499,64.13095],[19.95944,64.12808],[19.88962,64.14093],[19.81531,64.14315],[19.79089,64.09151],[19.75046,64.06791],[19.64548,64.0761],[19.65287,64.05363],[19.56861,64.03095],[19.51315,64.048],[19.36751,64.04813]]]}},{"type":"Feature","properties":{"KnKod":"2409","KnNamn":"Robertsfors"},"geometry":{"type":"Polygon","coordinates":[[[21.07943,64.21371],[20.95781,64.15102],[20.91396,64.05593],[20.82234,63.94667],[20.73952,63.87081],[20.64326,63.89065],[20.67795,63.97737],[20.57428,64.09046],[20.43656,64.14772],[20.28923,64.34027],[20.54781,64.32138],[20.68977,64.35521],[20.74324,64.42575],[20.88102,64.44883],[21.00141,64.3982],[21.00115,64.36159],[21.07178,64.34996],[21.15736,64.36997],[21.22442,64.28587],[21.07943,64.21371]]]}},{"type":"Feature","properties":{"KnKod":"2417","KnNamn":"Norsjö"},"geometry":{"type":"Polygon","coordinates":[[[19.81721,64.76382],[19.59662,64.76788],[19.47524,64.7843],[19.35942,64.7558],[19.28203,64.78217],[18.75227,64.97845],[19.41359,65.15004],[19.59881,65.19108],[19.82422,65.02805],[20.01117,64.99171],[20.07551,64.95198],[20.18463,64.86844],[20.14501,64.82773],[20.07169,64.81707],[20.04033,64.72634],[20.10222,64.69223],[19.98827,64.67563],[19.81721,64.76382]]]}},{"type":"Feature","properties":{"KnKod":"2418","KnNamn":"Malå"},"geometry":{"type":"Polygon","coordinates":[[[18.16869,65.24249],[18.30118,65.42367],[18.29354,65.52542],[18.42644,65.51009],[18.51417,65.48792],[18.57978,65.45444],[18.70123,65.45173],[18.75024,65.44294],[18.76653,65.41816],[18.82253,65.40523],[18.8522,65.38133],[18.94338,65.35863],[19.04082,65.34088],[19.0441,65.31696],[19.08936,65.32106],[19.28518,65.25786],[19.25025,65.23667],[19.2533,65.21274],[19.33442,65.18864],[19.41359,65.15004],[18.75227,64.97845],[18.30485,65.20515],[18.16869,65.24249]]]}},{"type":"Feature","properties":{"KnKod":"2421","KnNamn":"Storuman"},"geometry":{"type":"Polygon","coordinates":[[[17.416,64.76145],[16.57476,65.03638],[16.10081,65.33468],[15.70886,65.41903],[15.3053,65.41961],[15.23236,65.43912],[15.15904,65.42429],[14.97608,65.42137],[14.92752,65.45234],[14.69708,65.43301],[14.50197,65.4577],[14.5434,65.69921],[14.6385,65.82003],[14.53452,66.13828],[14.98019,66.14934],[15.55105,65.82255],[16.5362,65.57666],[16.65371,65.46529],[17.07358,65.31328],[17.70096,65.17445],[17.96301,65.05206],[17.91573,65.00477],[17.91622,64.92296],[17.60522,64.75532],[17.54648,64.7329],[17.49279,64.76223],[17.416,64.76145]]]}},{"type":"Feature","properties":{"KnKod":"2422","KnNamn":"Sorsele"},"geometry":{"type":"Polygon","coordinates":[[[18.16869,65.24249],[17.96301,65.05206],[17.70096,65.17445],[17.07358,65.31328],[16.65371,65.46529],[16.5362,65.57666],[15.55105,65.82255],[14.98019,66.14934],[15.0375,66.15238],[15.48304,66.2922],[15.46467,66.35449],[15.82231,66.30024],[16.57871,66.05462],[16.77885,66.05312],[17.66098,65.67095],[17.79296,65.6466],[18.18005,65.59214],[18.23065,65.54827],[18.29354,65.52542],[18.30118,65.42367],[18.16869,65.24249]]]}},{"type":"Feature","properties":{"KnKod":"2425","KnNamn":"Dorotea"},"geometry":{"type":"Polygon","coordinates":[[[15.62668,64.53286],[15.63955,64.45625],[15.57293,64.45768],[15.54278,64.5333],[15.42405,64.57693],[15.42231,64.60234],[15.36131,64.59435],[15.33498,64.6227],[15.26423,64.64224],[15.33272,64.66258],[15.23156,64.72871],[15.04645,64.76594],[15.03144,64.82445],[14.9502,64.87317],[14.86568,64.87501],[14.78646,64.91632],[14.79137,64.95405],[14.7202,64.98894],[15.48745,64.8796],[15.95716,64.70648],[16.1449,64.552],[16.36766,64.48042],[16.62603,64.44634],[16.72244,64.3648],[16.63735,64.34343],[16.63583,64.28532],[16.85416,64.05671],[16.95457,64.01609],[16.84507,63.96791],[16.72412,64.02686],[16.20574,64.28439],[16.03289,64.27716],[16.02837,64.34982],[15.75769,64.42871],[15.74953,64.49065],[15.70297,64.55083],[15.62668,64.53286]]]}},{"type":"Feature","properties":{"KnKod":"2460","KnNamn":"Vännäs"},"geometry":{"type":"Polygon","coordinates":[[[19.36751,64.04813],[19.51315,64.048],[19.56861,64.03095],[19.65287,64.05363],[19.64548,64.0761],[19.75046,64.06791],[19.79089,64.09151],[19.93187,64.08279],[19.91351,63.98014],[19.93048,63.95139],[19.86058,63.93323],[19.8874,63.89822],[19.96831,63.89355],[19.9229,63.86433],[19.80111,63.83022],[19.68539,63.81684],[19.59041,63.83037],[19.52748,63.87904],[19.47623,63.98799],[19.36751,64.04813]]]}},{"type":"Feature","properties":{"KnKod":"2462","KnNamn":"Vilhelmina"},"geometry":{"type":"Polygon","coordinates":[[[17.4942,64.71675],[17.71369,64.51483],[17.64577,64.49306],[16.92896,64.40919],[16.91132,64.36668],[16.72244,64.3648],[16.62603,64.44634],[16.36766,64.48042],[16.1449,64.552],[15.95716,64.70648],[15.48745,64.8796],[14.7202,64.98894],[14.67424,65.01675],[14.62055,65.02438],[14.33014,65.13104],[14.371,65.26003],[14.50003,65.31454],[14.50197,65.4577],[14.69708,65.43301],[14.92752,65.45234],[14.97608,65.42137],[15.15904,65.42429],[15.23236,65.43912],[15.3053,65.41961],[15.70886,65.41903],[16.10081,65.33468],[16.57476,65.03638],[17.416,64.76145],[17.49279,64.76223],[17.54648,64.7329],[17.4942,64.71675]]]}},{"type":"Feature","properties":{"KnKod":"2463","KnNamn":"Åsele"},"geometry":{"type":"Polygon","coordinates":[[[18.1758,64.35156],[18.77135,64.07323],[18.38177,64.00834],[17.70746,63.89329],[17.26058,63.92981],[16.84507,63.96791],[16.95457,64.01609],[16.85416,64.05671],[16.63583,64.28532],[16.63735,64.34343],[16.72244,64.3648],[16.91132,64.36668],[16.92896,64.40919],[17.64577,64.49306],[17.71369,64.51483],[18.01794,64.39109],[18.18155,64.40209],[18.24631,64.37231],[18.1758,64.35156]]]}},{"type":"Feature","properties":{"KnKod":"2480","KnNamn":"Umeå"},"geometry":{"type":"Polygon","coordinates":[[[19.9229,63.86433],[19.96831,63.89355],[19.8874,63.89822],[19.86058,63.93323],[19.93048,63.95139],[19.91351,63.98014],[19.93187,64.08279],[19.79089,64.09151],[19.81531,64.14315],[19.88962,64.14093],[19.95944,64.12808],[20.01499,64.13095],[20.03036,64.18635],[20.07189,64.20495],[20.09119,64.26917],[20.01857,64.28595],[20.0702,64.35673],[20.11884,64.36197],[20.12028,64.39109],[20.18748,64.38386],[20.21738,64.35585],[20.28923,64.34027],[20.43656,64.14772],[20.57428,64.09046],[20.67795,63.97737],[20.64326,63.89065],[20.73952,63.87081],[20.66294,63.81394],[20.51471,63.80642],[20.42927,63.76243],[20.39778,63.69009],[20.31202,63.69179],[20.28643,63.66101],[20.11751,63.66036],[20.01486,63.67057],[19.99488,63.62287],[19.91002,63.6261],[19.74737,63.54297],[19.71134,63.58175],[19.74526,63.60462],[19.71346,63.64729],[19.75799,63.68576],[19.76714,63.75805],[19.68539,63.81684],[19.80111,63.83022],[19.9229,63.86433]]]}},{"type":"Feature","properties":{"KnKod":"2481","KnNamn":"Lycksele"},"geometry":{"type":"Polygon","coordinates":[[[18.16869,65.24249],[18.30485,65.20515],[18.75227,64.97845],[19.28203,64.78217],[18.95618,64.43583],[19.03279,64.22438],[19.11227,64.23495],[19.15039,64.19388],[19.11302,64.18387],[19.15441,64.14071],[18.77135,64.07323],[18.1758,64.35156],[18.24631,64.37231],[18.18155,64.40209],[18.01794,64.39109],[17.71369,64.51483],[17.4942,64.71675],[17.54648,64.7329],[17.60522,64.75532],[17.91622,64.92296],[17.91573,65.00477],[17.96301,65.05206],[18.16869,65.24249]]]}},{"type":"Feature","properties":{"KnKod":"2482","KnNamn":"Skellefteå"},"geometry":{"type":"Polygon","coordinates":[[[21.25337,64.77401],[21.24291,64.69058],[21.19154,64.6639],[21.25149,64.61101],[21.3653,64.59917],[21.45036,64.55493],[21.48681,64.47278],[21.56848,64.47463],[21.56835,64.43977],[21.43586,64.35079],[21.22442,64.28587],[21.15736,64.36997],[21.07178,64.34996],[21.00115,64.36159],[21.00141,64.3982],[20.88102,64.44883],[20.74324,64.42575],[20.68977,64.35521],[20.54781,64.32138],[20.28923,64.34027],[20.21738,64.35585],[20.18748,64.38386],[20.12028,64.39109],[20.06844,64.42083],[20.07411,64.45327],[20.03371,64.46744],[19.96592,64.46732],[19.93156,64.4956],[19.88919,64.51536],[19.82174,64.5261],[19.64091,64.64042],[19.51349,64.64095],[19.38854,64.6886],[19.35942,64.7558],[19.47524,64.7843],[19.59662,64.76788],[19.81721,64.76382],[19.98827,64.67563],[20.10222,64.69223],[20.04033,64.72634],[20.07169,64.81707],[20.14501,64.82773],[20.18463,64.86844],[20.07551,64.95198],[20.01117,64.99171],[19.82422,65.02805],[19.59881,65.19108],[19.65374,65.21437],[19.88102,65.39442],[20.75503,65.21376],[21.29212,65.17032],[21.31229,65.13191],[21.50134,65.08057],[21.3573,64.96847],[21.23646,64.95146],[21.26712,64.89929],[21.13027,64.83049],[21.01622,64.84391],[21.07025,64.78616],[21.25337,64.77401]]]}},{"type":"Feature","properties":{"KnKod":"2505","KnNamn":"Arvidsjaur"},"geometry":{"type":"Polygon","coordinates":[[[18.70123,65.45173],[18.57978,65.45444],[18.51417,65.48792],[18.42644,65.51009],[18.29354,65.52542],[18.23065,65.54827],[18.18005,65.59214],[18.29396,65.59877],[18.27028,65.67062],[18.49784,65.63641],[18.50833,65.66302],[18.40718,65.69754],[18.54794,65.82967],[18.45393,65.92862],[18.50616,65.99256],[18.62922,66.04276],[18.85072,66.01528],[19.04963,66.17548],[19.12588,66.11497],[19.20499,66.10037],[19.26118,66.10558],[19.35482,66.09355],[19.36863,66.06339],[19.52654,66.04486],[19.70167,66.04498],[19.83704,66.01678],[19.93222,66.01884],[19.96858,65.99056],[20.04874,65.96992],[20.05814,65.9418],[20.21916,65.91918],[20.12011,65.84391],[20.20839,65.60561],[20.21517,65.57889],[20.04743,65.52056],[19.76093,65.54953],[19.69772,65.53599],[19.64316,65.46155],[19.88102,65.39442],[19.65374,65.21437],[19.59881,65.19108],[19.41359,65.15004],[19.33442,65.18864],[19.2533,65.21274],[19.25025,65.23667],[19.28518,65.25786],[19.08936,65.32106],[19.0441,65.31696],[19.04082,65.34088],[18.94338,65.35863],[18.8522,65.38133],[18.82253,65.40523],[18.76653,65.41816],[18.75024,65.44294],[18.70123,65.45173]]]}},{"type":"Feature","properties":{"KnKod":"2506","KnNamn":"Arjeplog"},"geometry":{"type":"Polygon","coordinates":[[[18.02405,65.805],[18.1171,65.67735],[18.2093,65.68787],[18.27028,65.67062],[18.29396,65.59877],[18.18005,65.59214],[17.79296,65.6466],[17.66098,65.67095],[16.77885,66.05312],[16.57871,66.05462],[15.82231,66.30024],[15.46467,66.35449],[15.38848,66.48441],[15.63429,66.5983],[15.99776,66.87834],[16.10592,66.92937],[16.37538,67.01962],[16.42461,67.16874],[16.77043,67.06323],[17.16611,66.96259],[17.69247,66.72799],[18.15633,66.65857],[18.70667,66.51649],[18.79728,66.37398],[18.76919,66.30662],[19.04963,66.17548],[18.85072,66.01528],[18.62922,66.04276],[18.50616,65.99256],[18.45393,65.92862],[18.54794,65.82967],[18.40718,65.69754],[18.35565,65.72393],[18.37664,65.76624],[18.30078,65.7875],[18.17272,65.78838],[17.92236,65.92396],[17.96924,65.97743],[17.92664,66.04184],[18.07321,66.051],[18.10898,66.07422],[18.05292,66.10314],[17.96161,66.08695],[17.86859,66.12532],[17.81467,66.1849],[17.65683,66.21971],[17.54976,66.27137],[17.42838,66.32193],[17.3217,66.377],[17.08955,66.42436],[17.06183,66.39686],[17.31907,66.33178],[17.45066,66.25895],[17.46103,66.21295],[17.61603,66.18216],[17.73813,66.12408],[17.85056,66.07735],[17.7652,66.06432],[17.64473,66.04062],[17.7504,65.97619],[17.75972,65.94112],[17.71988,65.90537],[17.73673,65.8426],[17.82109,65.84292],[17.87328,65.89971],[18.02405,65.805]]]}},{"type":"Feature","properties":{"KnKod":"2510","KnNamn":"Jokkmokk"},"geometry":{"type":"Polygon","coordinates":[[[19.46044,67.15867],[19.7469,67.06946],[19.83339,66.97569],[20.32434,66.82654],[20.63845,66.74961],[20.99274,66.62841],[21.29929,66.29065],[21.05248,66.37809],[20.77586,66.34531],[20.3808,66.01154],[20.21916,65.91918],[20.05814,65.9418],[20.04874,65.96992],[19.96858,65.99056],[19.93222,66.01884],[19.83704,66.01678],[19.70167,66.04498],[19.52654,66.04486],[19.36863,66.06339],[19.35482,66.09355],[19.26118,66.10558],[19.20499,66.10037],[19.12588,66.11497],[19.04963,66.17548],[18.76919,66.30662],[18.79728,66.37398],[18.70667,66.51649],[18.15633,66.65857],[17.69247,66.72799],[17.16611,66.96259],[16.77043,67.06323],[16.42461,67.16874],[16.38986,67.23263],[16.11391,67.42136],[16.19869,67.50793],[16.41646,67.52293],[16.52948,67.60441],[16.7114,67.89264],[16.77009,67.91331],[16.91991,67.88407],[17.02939,67.85492],[17.06752,67.80218],[17.25628,67.79413],[17.3741,67.72616],[17.4718,67.71907],[17.47611,67.68071],[17.61374,67.6786],[17.76226,67.65578],[17.90551,67.59678],[18.04971,67.58844],[18.33916,67.48399],[18.49848,67.41244],[18.70354,67.41605],[18.876,67.36688],[18.92605,67.30903],[19.03068,67.30041],[19.13469,67.25897],[19.29496,67.16625],[19.46044,67.15867]]]}},{"type":"Feature","properties":{"KnKod":"2513","KnNamn":"Överkalix"},"geometry":{"type":"Polygon","coordinates":[[[22.98285,66.66778],[23.05189,66.67425],[23.11559,66.44139],[23.10007,66.40783],[23.16241,66.38899],[23.18688,66.36083],[23.13993,66.32841],[23.19799,66.2952],[23.23813,66.2323],[23.21986,66.15595],[22.98661,66.16226],[22.94432,66.13676],[22.88063,66.1446],[22.89718,66.16517],[22.8024,66.16669],[22.52721,66.22712],[22.33528,66.13169],[22.1225,66.3003],[21.96932,66.4277],[22.10437,66.46],[22.11786,66.60772],[21.99224,66.68114],[22.13848,66.84984],[22.98285,66.66778]]]}},{"type":"Feature","properties":{"KnKod":"2514","KnNamn":"Kalix"},"geometry":{"type":"Polygon","coordinates":[[[22.83383,65.79706],[22.78224,65.87196],[22.70146,65.89613],[22.66687,65.8828],[22.68633,65.7981],[22.77842,65.74706],[22.77756,65.71397],[22.70507,65.72819],[22.61919,65.77983],[22.51173,65.94323],[22.5407,65.96264],[22.33528,66.13169],[22.52721,66.22712],[22.8024,66.16669],[22.89718,66.16517],[22.88063,66.1446],[22.94432,66.13676],[22.98661,66.16226],[23.21986,66.15595],[23.20628,66.10252],[23.33803,66.04914],[23.59605,65.87594],[23.5954,65.7978],[23.48802,65.8239],[23.4302,65.77979],[23.28448,65.80707],[23.22056,65.8207],[23.17336,65.79393],[23.11059,65.71704],[23.0142,65.75955],[22.83383,65.79706]]]}},{"type":"Feature","properties":{"KnKod":"2518","KnNamn":"Övertorneå"},"geometry":{"type":"Polygon","coordinates":[[[23.64306,66.12439],[23.33803,66.04914],[23.20628,66.10252],[23.23813,66.2323],[23.19799,66.2952],[23.13993,66.32841],[23.18688,66.36083],[23.16241,66.38899],[23.10007,66.40783],[23.11559,66.44139],[23.05189,66.67425],[23.40743,66.69966],[23.26532,66.97712],[23.88957,66.91347],[23.98092,66.85821],[24.01362,66.82166],[23.99437,66.78472],[23.9349,66.79432],[23.91697,66.7665],[23.91734,66.68691],[23.89072,66.65256],[23.88907,66.58429],[23.82,66.55601],[23.81877,66.52469],[23.73909,66.51593],[23.72811,66.48373],[23.65406,66.46885],[23.64649,66.44186],[23.69656,66.40368],[23.63382,66.31746],[23.72901,66.18974],[23.86166,66.16534],[23.7602,66.15151],[23.76336,66.11977],[23.69356,66.10272],[23.64306,66.12439]]]}},{"type":"Feature","properties":{"KnKod":"2521","KnNamn":"Pajala"},"geometry":{"type":"Polygon","coordinates":[[[23.74581,67.35093],[23.79317,67.34269],[23.73994,67.29047],[23.61268,67.2786],[23.58017,67.23548],[23.60609,67.20899],[23.57588,67.17676],[23.67787,67.10601],[23.68342,67.05558],[23.77018,67.00651],[23.82244,66.99957],[23.83116,66.96914],[23.88772,66.95435],[23.88957,66.91347],[23.26532,66.97712],[23.40743,66.69966],[23.05189,66.67425],[22.98285,66.66778],[22.13848,66.84984],[22.19374,66.93024],[21.87274,67.27743],[21.9819,67.36565],[22.20632,67.55628],[22.45235,67.74134],[22.80273,67.83616],[23.28038,68.15959],[23.33996,68.12962],[23.39672,68.0506],[23.46888,68.04772],[23.48067,68.02078],[23.54225,68.01698],[23.56094,67.9783],[23.64444,67.97058],[23.65476,67.91231],[23.53571,67.89562],[23.48755,67.82986],[23.5062,67.79119],[23.48272,67.68806],[23.55623,67.62949],[23.5154,67.56678],[23.46864,67.56929],[23.4939,67.54108],[23.41469,67.49304],[23.50692,67.45673],[23.54088,67.47201],[23.68496,67.44177],[23.72355,67.45658],[23.78574,67.42663],[23.74936,67.39312],[23.74581,67.35093]]]}},{"type":"Feature","properties":{"KnKod":"2523","KnNamn":"Gällivare"},"geometry":{"type":"Polygon","coordinates":[[[19.46044,67.15867],[19.29496,67.16625],[19.13469,67.25897],[19.03068,67.30041],[18.92605,67.30903],[18.876,67.36688],[18.70354,67.41605],[18.49848,67.41244],[18.33916,67.48399],[18.04971,67.58844],[17.90551,67.59678],[17.76226,67.65578],[17.61374,67.6786],[17.47611,67.68071],[17.4718,67.71907],[17.3741,67.72616],[17.25628,67.79413],[17.06752,67.80218],[17.02939,67.85492],[16.91991,67.88407],[16.77009,67.91331],[17.2007,68.02926],[17.29918,68.09669],[17.65847,68.02298],[17.91729,67.94498],[17.94531,67.97791],[18.01027,67.93604],[18.35232,67.85428],[18.88994,67.84866],[19.02934,67.85806],[19.35118,67.86455],[19.49655,67.83485],[19.61271,67.82523],[19.82247,67.79996],[20.02682,67.75469],[20.1616,67.75429],[20.26057,67.73075],[20.318,67.73942],[20.37841,67.73504],[20.3935,67.71749],[20.7875,67.62422],[21.09862,67.49776],[21.25555,67.48729],[21.36704,67.49861],[21.43197,67.48609],[21.80107,67.46157],[21.92556,67.42],[21.88668,67.39384],[21.9819,67.36565],[21.87274,67.27743],[22.19374,66.93024],[22.13848,66.84984],[21.99224,66.68114],[22.11786,66.60772],[22.10437,66.46],[21.96932,66.4277],[21.66472,66.38594],[21.37871,66.29444],[21.29929,66.29065],[20.99274,66.62841],[20.63845,66.74961],[20.32434,66.82654],[19.83339,66.97569],[19.7469,67.06946],[19.46044,67.15867]]]}},{"type":"Feature","properties":{"KnKod":"2560","KnNamn":"Älvsbyn"},"geometry":{"type":"Polygon","coordinates":[[[20.12011,65.84391],[20.21916,65.91918],[20.3808,66.01154],[20.88891,65.8638],[21.08599,65.8018],[21.36226,65.6695],[21.16032,65.61233],[21.19784,65.56334],[21.13413,65.56871],[21.11005,65.54691],[20.95942,65.51916],[20.72411,65.58972],[20.63558,65.58955],[20.52195,65.62975],[20.36885,65.60528],[20.20839,65.60561],[20.12011,65.84391]]]}},{"type":"Feature","properties":{"KnKod":"2580","KnNamn":"Luleå"},"geometry":{"type":"Polygon","coordinates":[[[22.51348,65.8179],[22.43963,65.87072],[22.33623,65.85444],[22.29625,65.79004],[22.29287,65.71862],[22.30563,65.66042],[22.3222,65.60924],[22.37306,65.56408],[22.32412,65.55572],[22.20195,65.57613],[22.1436,65.56674],[22.13887,65.52489],[22.02944,65.52745],[21.86223,65.52958],[21.98421,65.46721],[21.90989,65.42122],[21.6409,65.51241],[21.51059,65.58615],[21.37979,65.63408],[21.36226,65.6695],[21.49253,65.73264],[21.63823,65.68701],[21.78871,65.71056],[21.89984,65.7687],[21.86875,65.80268],[22.09324,65.86173],[21.97389,65.95689],[21.87594,65.96737],[21.94214,66.09015],[22.07314,66.08959],[22.06637,66.29239],[22.1225,66.3003],[22.33528,66.13169],[22.5407,65.96264],[22.51173,65.94323],[22.61919,65.77983],[22.50671,65.78171],[22.51348,65.8179]]]}},{"type":"Feature","properties":{"KnKod":"2581","KnNamn":"Piteå"},"geometry":{"type":"Polygon","coordinates":[[[20.20839,65.60561],[20.36885,65.60528],[20.52195,65.62975],[20.63558,65.58955],[20.72411,65.58972],[20.95942,65.51916],[21.11005,65.54691],[21.13413,65.56871],[21.19784,65.56334],[21.16032,65.61233],[21.36226,65.6695],[21.37979,65.63408],[21.51059,65.58615],[21.6409,65.51241],[21.90989,65.42122],[21.79705,65.40499],[21.63514,65.41563],[21.4841,65.3958],[21.43525,65.36885],[21.65404,65.29832],[21.63454,65.26885],[21.54302,65.24387],[21.57707,65.14729],[21.50134,65.08057],[21.31229,65.13191],[21.29212,65.17032],[20.75503,65.21376],[19.88102,65.39442],[19.64316,65.46155],[19.69772,65.53599],[19.76093,65.54953],[20.04743,65.52056],[20.21517,65.57889],[20.20839,65.60561]]]}},{"type":"Feature","properties":{"KnKod":"2582","KnNamn":"Boden"},"geometry":{"type":"Polygon","coordinates":[[[21.86875,65.80268],[21.89984,65.7687],[21.78871,65.71056],[21.63823,65.68701],[21.49253,65.73264],[21.36226,65.6695],[21.08599,65.8018],[20.88891,65.8638],[20.3808,66.01154],[20.77586,66.34531],[21.05248,66.37809],[21.29929,66.29065],[21.37871,66.29444],[21.66472,66.38594],[21.96932,66.4277],[22.1225,66.3003],[22.06637,66.29239],[22.07314,66.08959],[21.94214,66.09015],[21.87594,65.96737],[21.97389,65.95689],[22.09324,65.86173],[21.86875,65.80268]]]}},{"type":"Feature","properties":{"KnKod":"2583","KnNamn":"Haparanda"},"geometry":{"type":"Polygon","coordinates":[[[23.64306,66.12439],[23.69356,66.10272],[23.76336,66.11977],[23.7602,66.15151],[23.86166,66.16534],[23.93873,66.15941],[23.92771,66.12724],[23.95333,66.10984],[23.94667,66.08462],[24.02102,66.02153],[24.04165,65.96021],[24.14957,65.80378],[23.83931,65.7941],[23.75557,65.82664],[23.68656,65.83176],[23.66643,65.80607],[23.5954,65.7978],[23.59605,65.87594],[23.33803,66.04914],[23.64306,66.12439]]]}},{"type":"Feature","properties":{"KnKod":"2584","KnNamn":"Kiruna"},"geometry":{"type":"Polygon","coordinates":[[[18.3993,68.5591],[18.60131,68.489],[18.98045,68.50425],[19.91303,68.36353],[20.24463,68.49605],[19.95187,68.55633],[20.08269,68.59676],[20.23358,68.67414],[20.3421,68.80193],[20.32005,68.91134],[20.11378,69.02957],[20.59352,69.04783],[20.80297,69.02935],[20.88215,68.98887],[20.94187,68.97723],[20.91616,68.95895],[20.86301,68.93715],[20.93889,68.90052],[21.022,68.90362],[21.24365,68.82125],[21.30442,68.769],[21.36595,68.77903],[21.42381,68.76547],[21.43227,68.70245],[21.51299,68.68526],[21.62455,68.6693],[21.72923,68.63359],[21.71517,68.60164],[21.84906,68.59845],[22.01424,68.55586],[22.01046,68.52491],[22.03007,68.49944],[22.12604,68.48431],[22.2342,68.48099],[22.31699,68.48523],[22.35308,68.45464],[22.40318,68.47072],[22.58869,68.43125],[22.62495,68.44109],[22.66134,68.41957],[22.76294,68.39065],[22.7931,68.40649],[22.84325,68.39112],[22.83588,68.36411],[22.94041,68.3403],[22.97345,68.33743],[23.07772,68.31355],[23.0844,68.2779],[23.16372,68.24691],[23.16089,68.21209],[23.14526,68.17289],[23.18091,68.14389],[23.28038,68.15959],[22.80273,67.83616],[22.45235,67.74134],[22.20632,67.55628],[21.9819,67.36565],[21.88668,67.39384],[21.92556,67.42],[21.80107,67.46157],[21.43197,67.48609],[21.36704,67.49861],[21.25555,67.48729],[21.09862,67.49776],[20.7875,67.62422],[20.3935,67.71749],[20.37841,67.73504],[20.318,67.73942],[20.26057,67.73075],[20.1616,67.75429],[20.02682,67.75469],[19.82247,67.79996],[19.61271,67.82523],[19.49655,67.83485],[19.35118,67.86455],[19.02934,67.85806],[18.88994,67.84866],[18.35232,67.85428],[18.01027,67.93604],[17.94531,67.97791],[18.16607,68.16887],[18.08997,68.38228],[18.11151,68.51375],[18.3993,68.5591]]]}}]}